0,58,62,67,70,59,60,62,63,58,63,68,72,61,64,67,70,70,69,68,67,68,69,70,71,72,74,1
1,58,63,67,70,57,62,67,71,59,61,66,67,63,68,71,76,70,69,68,67,69,71,72,72,71,70,-1
2,58,61,64,69,55,57,60,62,52,56,61,63,48,52,53,58,70,70,71,72,73,74,76,77,78,80,-1
3,58,63,67,69,61,65,69,70,65,70,74,75,62,64,67,72,70,70,69,68,68,68,67,68,69,71,0
4,58,62,66,70,54,59,63,64,59,61,65,68,61,64,69,71,70,70,70,71,72,73,75,75,74,73,0
5,58,60,65,66,59,61,65,66,63,67,69,71,61,66,71,75,70,70,70,71,72,73,75,74,73,71,1
6,58,61,64,66,60,65,68,69,63,65,67,71,58,63,64,68,70,72,74,75,75,76,77,79,81,82,1
7,58,63,67,70,53,54,57,59,54,58,62,63,59,63,65,66,70,72,74,75,75,76,77,77,77,78,-1
8,58,62,63,67,60,65,67,68,60,62,64,66,60,64,68,69,70,70,70,70,70,70,70,70,70,69,-1
9,58,59,64,69,62,64,65,69,60,65,66,69,57,62,63,66,70,70,70,71,71,71,71,72,73,75,-1
10,58,61,63,66,54,55,58,59,54,59,62,65,57,62,66,71,70,72,74,75,75,75,74,74,74,75,-1
11,58,59,62,66,57,60,65,66,56,60,64,65,52,55,60,61,70,69,68,66,66,67,68,68,68,69,-1
12,58,63,64,69,61,63,64,66,65,68,73,74,69,71,74,76,70,71,72,73,72,71,70,68,66,65,1
13,58,59,62,64,62,67,68,71,63,65,69,70,67,69,71,72,70,71,72,74,75,76,77,79,81,82,1
14,58,59,64,68,56,61,63,64,53,54,55,60,57,61,63,68,70,70,69,68,66,64,63,63,63,63,-1
15,58,61,64,65,54,55,58,60,59,63,68,70,56,61,64,67,70,70,69,68,68,67,66,66,65,64,-1
16,58,63,67,71,53,58,60,63,49,54,57,62,52,56,59,62,70,70,70,69,70,71,72,74,76,77,1
17,58,63,65,68,61,63,66,67,64,69,70,74,62,67,69,73,70,69,68,67,66,65,64,66,68,69,0
18,58,63,66,71,63,67,68,69,64,67,72,77,63,66,68,71,70,70,71,72,73,74,76,76,76,76,-1
19,58,62,64,69,63,67,70,75,63,64,67,68,63,67,68,72,70,69,68,66,66,67,68,69,70,72,-1
20,58,61,64,67,62,66,68,69,62,67,69,73,60,62,64,66,70,70,70,71,69,67,66,67,68,69,-1
21,58,62,66,70,57,58,61,66,55,57,62,65,52,54,58,61,70,70,70,70,70,71,72,72,72,72,-1
22,58,63,64,69,53,54,57,60,50,55,57,62,48,49,51,52,70,71,72,74,74,74,73,73,74,75,0
23,58,62,64,66,61,65,66,69,66,67,69,74,61,62,66,67,70,72,74,75,76,77,79,81,83,84,0
24,58,59,64,69,62,67,69,71,66,67,71,72,67,68,71,73,70,68,66,65,64,63,61,61,61,60,-1
25,58,63,65,67,54,55,56,61,58,59,60,63,56,61,66,70,70,69,68,67,67,67,66,64,62,61,-1
26,58,62,66,68,54,57,60,62,52,56,60,64,47,52,56,61,70,70,71,72,72,72,73,73,72,71,-1
27,58,61,65,70,59,63,64,69,55,60,62,64,54,55,57,61,70,70,70,70,70,69,68,68,68,67,0
28,58,59,61,66,63,65,68,72,63,66,68,69,60,61,63,66,70,70,71,72,71,70,68,68,68,69,-1
29,58,61,63,68,53,57,58,60,49,53,56,61,50,52,53,54,70,69,68,66,67,68,69,68,67,65,-1
30,58,60,65,66,60,65,67,70,64,65,70,72,69,71,72,74,70,70,69,68,68,67,66,66,65,64,-1
31,58,63,64,65,63,64,69,70,60,62,66,70,63,65,67,70,70,70,70,70,68,66,65,64,63,61,-1
32,58,62,63,65,60,64,67,68,57,58,59,61,59,63,66,69,70,70,70,71,69,67,66,68,70,71,1
33,58,63,67,68,62,67,70,72,65,70,74,77,64,68,70,74,70,69,68,67,65,63,62,62,63,64,1
34,58,60,65,70,63,65,67,70,60,63,68,70,55,58,60,64,70,69,68,67,67,67,67,68,69,70,-1
35,58,60,64,67,53,56,60,65,52,53,57,60,50,54,59,62,70,70,70,71,71,72,73,74,75,77,-1
36,58,60,65,66,62,64,67,69,67,69,74,75,71,76,81,83,70,69,68,66,66,66,67,68,69,71,-1
37,58,63,65,70,62,63,67,69,61,63,68,73,62,67,69,71,70,68,66,65,66,67,69,67,65,64,-1
38,58,59,60,61,62,63,68,73,62,63,68,69,60,62,63,67,70,70,70,71,71,70,69,69,69,69,1
39,58,61,63,66,59,63,67,68,64,67,72,75,65,66,67,72,70,68,66,65,64,63,61,62,63,65,-1
40,58,63,66,68,62,65,66,70,67,71,75,76,62,63,68,70,70,69,68,67,66,65,63,65,67,68,0
41,58,59,61,65,57,61,64,69,54,57,59,62,57,62,65,69,70,71,72,74,75,76,77,75,73,72,1
42,58,63,67,69,61,65,66,69,56,61,64,68,51,54,57,61,70,69,68,66,66,66,65,66,67,69,-1
43,58,60,63,68,60,61,63,65,61,62,67,72,64,69,74,78,70,71,72,73,74,75,76,77,78,80,1
44,58,59,62,63,55,56,57,59,56,61,66,68,61,64,65,69,70,68,66,65,66,67,69,71,73,74,-1
45,58,59,60,61,56,57,58,60,51,56,58,59,56,59,63,66,70,71,72,73,73,74,75,77,79,80,0
46,58,59,62,65,56,57,61,62,60,64,66,70,58,63,66,68,70,68,66,65,65,66,67,65,63,62,-1
47,58,60,63,64,55,56,59,62,57,62,64,69,58,62,64,65,70,71,72,73,73,73,74,74,75,76,0
48,58,59,60,63,57,62,66,68,59,64,65,68,55,60,63,64,70,70,70,71,71,70,69,69,69,70,-1
49,58,59,63,66,63,66,70,72,68,72,74,77,68,69,72,77,70,70,69,68,68,69,70,69,68,66,1
50,58,60,63,64,53,54,56,57,48,50,51,53,53,55,57,61,70,70,70,69,68,67,66,65,64,62,-1
51,58,60,64,65,58,63,68,69,62,67,71,73,57,62,64,68,70,72,74,75,75,74,73,71,69,68,1
52,58,62,64,68,60,64,68,70,65,70,74,75,67,71,73,75,70,68,66,65,65,66,67,67,67,68,-1
53,58,60,65,68,61,62,67,70,59,61,66,70,63,65,68,71,70,71,72,74,74,73,72,72,72,72,1
54,58,59,63,66,55,57,59,64,55,57,61,65,55,59,63,65,70,70,70,70,70,70,71,72,73,75,0
55,58,60,64,68,62,63,64,69,57,59,61,66,54,55,59,64,70,70,70,71,70,69,68,68,67,66,-1
56,58,60,63,66,58,61,62,63,61,62,66,68,60,61,64,69,70,72,74,75,77,79,80,79,78,77,1
57,58,62,66,70,56,61,65,70,51,53,56,61,48,53,55,60,70,69,68,66,66,66,67,67,67,67,-1
58,58,62,66,70,54,56,59,63,55,60,62,64,55,57,60,64,70,69,68,66,68,70,71,71,70,69,0
59,58,59,62,66,54,57,62,64,56,59,62,63,56,61,63,66,70,71,72,74,74,74,74,74,74,73,1
60,58,59,63,64,60,61,64,69,62,65,66,71,57,59,62,66,70,71,72,73,72,71,69,67,65,64,-1
61,58,62,66,71,63,68,71,76,60,65,69,72,57,61,63,64,70,71,72,73,74,75,77,77,76,75,-1
62,58,60,65,69,63,64,67,69,59,64,65,69,55,57,58,59,70,72,74,75,74,73,72,72,72,73,-1
63,58,59,61,64,59,60,61,63,55,58,59,60,58,61,65,67,70,70,71,72,71,70,68,68,68,69,-1
64,58,61,63,66,60,65,66,67,64,68,72,74,69,71,72,75,70,70,69,68,70,72,73,71,69,68,-1
65,58,59,62,63,58,60,61,65,57,60,65,70,54,57,59,60,70,71,72,74,74,74,75,74,73,71,-1
66,58,60,65,66,54,55,57,61,49,54,58,59,52,55,57,60,70,70,71,72,72,72,71,70,69,67,-1
67,58,59,63,64,60,63,64,65,59,61,62,64,64,65,67,68,70,70,71,72,72,71,70,69,68,67,-1
68,58,62,63,68,55,56,59,63,53,56,58,62,54,56,61,63,70,70,71,72,73,74,76,76,76,75,1
69,58,63,65,66,55,56,59,63,59,62,65,68,56,59,64,67,70,72,74,75,75,75,74,73,72,70,0
70,58,62,64,66,63,66,67,72,66,69,72,76,71,76,80,83,70,69,68,67,69,71,72,71,70,69,1
71,58,63,65,67,60,63,66,70,65,69,72,73,63,66,70,75,70,71,72,73,74,75,76,76,76,76,-1
72,58,63,67,72,56,57,58,60,56,60,64,65,56,61,62,67,70,68,66,65,65,66,67,68,69,70,-1
73,58,59,60,65,61,62,66,70,60,64,65,68,57,62,64,67,70,71,72,73,73,72,71,69,67,66,-1
74,58,61,66,71,57,61,65,67,59,60,62,66,55,58,62,64,70,69,68,67,67,66,65,64,63,62,0
75,58,59,61,65,56,57,61,63,51,53,56,60,46,50,55,58,70,70,70,70,71,72,74,74,75,76,-1
76,58,60,64,67,55,60,61,64,52,57,60,62,57,60,62,66,70,71,72,74,73,72,71,72,73,74,1
77,58,61,64,69,59,64,68,69,62,65,68,73,57,60,65,69,70,69,68,67,67,68,69,69,69,70,-1
78,58,62,65,67,61,65,70,73,65,66,68,73,66,71,75,76,70,70,70,71,72,73,74,76,78,79,1
79,58,60,63,66,61,66,70,71,65,68,69,73,67,72,74,78,70,70,71,72,73,74,75,75,74,73,-1
80,58,62,63,66,62,64,65,70,57,61,63,68,52,56,60,65,70,69,68,67,66,65,64,64,65,66,-1
81,58,60,63,67,61,64,69,72,60,62,66,69,56,59,62,66,70,70,71,72,72,72,72,74,76,77,1
82,58,63,68,69,57,61,66,70,58,60,65,70,59,60,62,65,70,70,69,68,68,67,66,65,64,62,0
83,58,62,64,67,55,57,59,60,54,58,62,66,54,55,57,60,70,70,70,69,68,67,65,66,67,68,-1
84,58,61,64,66,59,60,64,68,61,66,69,73,65,69,73,75,70,70,70,70,69,68,67,68,69,71,0
85,58,62,65,67,55,60,61,65,55,58,59,62,50,54,55,59,70,70,70,71,71,70,69,69,69,68,-1
86,58,60,65,70,60,61,63,65,56,59,62,63,53,54,55,58,70,71,72,74,76,78,79,78,77,75,1
87,58,62,63,65,62,63,67,69,67,69,73,75,63,67,70,75,70,70,70,70,69,68,67,67,67,67,-1
88,58,62,64,68,58,59,64,69,59,64,65,66,61,62,65,70,70,72,74,75,75,76,77,77,77,76,-1
89,58,62,63,67,60,64,65,69,65,70,74,79,65,69,71,75,70,70,70,71,71,71,71,71,71,70,-1
90,58,63,68,73,63,67,71,73,67,69,72,75,64,69,74,77,70,70,70,69,69,69,70,70,70,71,1
91,58,63,64,67,57,62,66,69,62,67,68,72,58,61,65,67,70,69,68,67,66,65,64,64,64,65,1
92,58,59,60,65,59,62,64,66,59,63,68,70,57,60,62,66,70,70,71,72,72,72,71,71,71,70,1
93,58,63,64,66,63,64,66,71,58,63,67,68,53,56,59,62,70,69,68,67,67,67,67,67,66,65,1
94,58,63,67,68,53,58,63,64,56,60,63,64,60,63,68,72,70,70,69,68,68,69,70,69,68,67,-1
95,58,60,61,66,54,58,63,68,59,63,68,73,62,66,69,74,70,70,71,72,73,74,76,76,76,75,-1
96,58,61,62,66,61,63,66,71,57,58,62,66,58,63,66,71,70,69,68,66,68,70,71,72,73,74,-1
97,58,61,62,67,54,59,63,68,50,53,54,58,46,47,50,53,70,72,74,75,74,73,72,72,71,70,0
98,58,62,67,72,55,59,63,67,50,55,56,58,52,55,57,58,70,71,72,74,74,74,74,74,75,76,-1
99,58,59,60,64,60,65,69,72,60,64,68,71,59,60,63,64,70,71,72,74,74,74,74,75,76,78,-1
100,58,59,61,66,54,56,61,62,49,51,55,60,49,50,55,58,70,71,72,73,71,69,68,67,66,65,-1
101,58,63,65,67,56,61,62,67,56,57,59,64,60,65,68,73,70,70,70,70,70,70,71,73,75,76,0
102,58,60,61,63,53,55,56,58,58,62,65,67,54,58,63,64,70,70,70,69,69,68,67,68,69,71,0
103,58,60,63,66,58,62,65,69,53,58,62,67,57,59,60,65,70,70,70,70,70,70,71,71,72,73,-1
104,58,59,64,68,60,61,64,69,62,64,68,73,61,62,66,68,70,70,70,69,69,68,67,67,66,65,-1
105,58,63,68,72,56,58,63,65,56,59,62,63,55,57,60,63,70,70,70,70,71,72,73,73,73,72,1
106,58,62,64,66,58,59,64,68,62,63,66,67,58,61,65,69,70,72,74,75,75,76,77,75,73,72,1
107,58,60,63,68,55,57,62,66,52,57,62,64,49,54,55,58,70,72,74,75,77,79,80,80,80,81,-1
108,58,60,64,65,61,63,65,67,59,63,68,70,56,58,61,64,70,70,71,72,71,70,68,69,70,71,-1
109,58,61,62,66,63,64,66,67,60,64,65,67,55,58,59,60,70,69,68,67,67,68,69,69,70,71,-1
110,58,62,65,70,54,55,59,61,55,57,60,64,58,61,62,66,70,70,70,71,71,72,73,74,75,76,-1
111,58,62,63,64,59,61,64,68,64,66,71,72,60,62,64,66,70,70,70,69,69,68,67,68,69,70,-1
112,58,62,64,65,58,62,64,66,61,62,64,67,62,65,66,69,70,71,72,74,75,76,77,76,75,73,0
113,58,61,62,66,58,61,63,65,56,58,63,66,55,60,65,67,70,70,70,70,70,70,71,70,69,68,-1
114,58,59,62,64,55,60,61,63,51,53,56,57,47,50,55,57,70,71,72,74,72,70,69,70,71,73,-1
115,58,62,65,69,55,60,61,63,57,62,66,70,58,59,64,68,70,68,66,65,65,65,64,63,62,60,-1
116,58,61,63,64,55,57,59,61,57,59,63,67,60,61,65,69,70,71,72,74,74,74,75,76,77,78,-1
117,58,61,63,68,63,67,69,71,59,62,65,67,57,59,62,65,70,69,68,67,67,67,67,67,67,68,1
118,58,63,65,67,60,64,65,70,62,63,64,65,60,62,65,69,70,70,70,70,70,70,70,70,71,72,1
119,58,62,67,71,63,65,68,72,66,70,71,74,63,66,67,72,70,70,70,71,69,67,66,66,67,68,-1
120,58,59,62,64,63,66,69,73,61,64,68,73,62,64,67,68,70,71,72,74,72,70,69,68,67,65,-1
121,58,59,60,63,54,56,58,63,59,60,62,63,54,56,58,61,70,68,66,65,66,67,69,70,71,73,-1
122,58,61,65,68,62,66,70,71,63,66,68,70,59,63,68,69,70,69,68,67,66,65,63,63,63,64,-1
123,58,60,65,66,57,62,65,67,62,67,71,73,60,64,65,67,70,70,69,68,68,69,70,70,70,70,0
124,58,59,60,65,54,59,60,62,53,55,58,63,56,58,62,66,70,70,70,71,71,70,69,71,73,74,1
125,58,61,65,68,56,61,64,69,53,54,56,60,54,59,62,63,70,70,70,69,69,69,69,69,69,69,-1
126,58,60,63,65,61,62,66,69,65,68,72,74,70,72,73,75,70,70,69,68,70,72,73,71,69,68,1
127,58,59,62,66,59,64,69,72,64,67,71,76,65,69,73,78,70,69,68,66,64,62,61,59,57,56,-1
128,58,60,63,66,60,62,67,70,64,68,70,71,61,62,67,68,70,70,69,68,69,70,72,74,76,77,0
129,58,62,65,70,54,56,61,65,55,59,60,61,57,58,62,65,70,70,70,69,69,69,69,67,65,64,-1
130,58,62,65,66,57,59,64,65,62,65,68,69,63,65,66,69,70,72,74,75,76,77,78,78,78,77,1
131,58,61,64,67,61,63,67,68,63,67,69,73,58,61,63,65,70,69,68,66,66,66,66,65,64,62,-1
132,58,59,63,67,60,61,63,65,64,66,67,70,59,61,66,67,70,71,72,73,73,73,73,75,77,78,-1
133,58,61,62,63,53,58,60,64,56,57,59,63,61,66,69,70,70,71,72,74,72,70,69,68,67,65,-1
134,58,62,65,68,63,66,67,68,58,60,65,67,53,54,57,62,70,70,70,71,71,70,69,69,69,70,-1
135,58,59,60,61,57,62,65,67,62,66,69,74,61,65,69,73,70,68,66,65,66,67,68,67,66,65,0
136,58,59,63,67,62,64,67,69,60,61,64,68,61,64,66,70,70,70,71,72,74,76,77,77,77,76,1
137,58,60,65,70,55,57,61,64,56,60,62,65,61,64,66,67,70,71,72,73,72,71,70,71,72,73,1
138,58,61,63,66,55,58,62,65,55,56,60,62,53,58,62,64,70,70,70,69,70,71,72,71,70,69,-1
139,58,61,63,65,58,63,64,66,59,62,63,68,61,63,68,73,70,70,71,72,72,72,73,72,71,69,1
140,58,63,64,66,56,59,61,63,54,58,59,60,49,54,58,59,70,70,71,72,73,74,76,74,72,71,-1
141,58,59,60,65,56,60,62,64,52,57,60,62,49,51,56,58,70,69,68,67,66,65,64,64,65,66,-1
142,58,62,67,68,63,67,70,72,60,62,63,68,64,66,69,73,70,70,70,70,68,66,65,64,63,62,-1
143,58,59,62,64,61,65,70,72,60,64,69,73,60,63,64,67,70,68,66,65,65,64,63,63,63,63,0
144,58,59,61,63,63,67,70,75,66,70,73,74,71,76,81,84,70,71,72,74,73,72,70,70,71,72,1
145,58,63,67,72,59,62,67,72,61,64,67,70,60,64,68,69,70,72,74,75,75,75,74,76,78,79,0
146,58,60,61,64,58,60,62,67,53,54,56,57,48,49,54,55,70,69,68,66,66,66,66,65,64,63,0
147,58,59,60,61,57,61,63,67,52,53,57,60,48,53,54,55,70,71,72,73,71,69,68,68,68,69,-1
148,58,62,65,68,56,61,66,71,60,63,64,65,63,68,72,75,70,71,72,74,74,74,73,74,75,77,-1
149,58,61,63,67,56,58,62,66,60,61,64,68,64,69,72,76,70,70,71,72,71,70,68,68,68,69,-1
150,58,63,64,66,58,60,64,66,61,64,66,70,61,63,65,68,70,70,70,71,71,70,69,67,65,64,-1
151,58,61,65,67,53,54,59,64,53,54,57,58,51,56,59,61,70,70,70,70,71,72,73,73,72,71,-1
152,58,60,64,69,56,61,63,66,54,56,58,61,59,63,67,71,70,69,68,66,68,70,71,72,73,75,0
153,58,60,63,68,61,66,69,70,62,64,66,69,64,66,70,75,70,71,72,73,73,73,74,74,74,75,1
154,58,59,61,62,57,62,66,71,60,61,63,68,55,58,60,64,70,70,69,68,68,68,68,69,70,72,-1
155,58,62,66,69,60,61,63,65,61,64,67,71,63,66,68,70,70,69,68,66,66,65,64,64,64,63,1
156,58,59,62,63,54,56,58,59,50,55,57,58,47,50,51,54,70,70,70,71,69,67,66,64,62,61,-1
157,58,61,63,65,62,63,65,70,63,66,71,73,64,65,67,68,70,70,71,72,71,70,69,68,67,65,-1
158,58,60,62,64,60,62,63,67,57,62,64,67,56,61,65,70,70,70,71,72,72,72,72,71,70,69,0
159,58,60,64,65,59,60,63,67,62,67,71,72,61,65,66,70,70,71,72,73,71,69,68,67,66,65,-1
160,58,63,64,65,56,60,64,66,55,59,64,69,57,60,64,65,70,72,74,75,75,75,76,75,74,72,1
161,58,61,63,68,61,65,67,69,60,62,64,69,58,59,60,63,70,68,66,65,65,65,64,63,62,61,1
162,58,62,63,67,54,55,60,63,55,57,59,61,53,55,58,60,70,70,70,69,69,69,69,69,69,70,1
163,58,62,66,71,61,64,68,69,62,67,69,74,57,58,62,63,70,70,70,70,70,70,71,71,71,70,-1
164,58,62,64,67,57,58,62,63,61,63,68,69,59,63,66,68,70,69,68,67,68,69,70,69,68,67,1
165,58,62,64,69,57,59,60,64,55,56,58,62,58,60,63,68,70,72,74,75,75,75,74,73,72,70,-1
166,58,60,61,66,58,62,64,65,60,62,65,67,64,65,70,72,70,71,72,73,74,75,76,74,72,71,-1
167,58,63,64,68,53,56,61,62,56,58,62,64,56,59,64,69,70,70,70,69,69,70,71,70,69,68,-1
168,58,59,60,64,55,60,63,66,56,57,61,66,53,56,60,61,70,68,66,65,64,63,61,61,61,60,0
169,58,59,63,66,56,61,62,63,58,61,66,69,56,58,60,61,70,70,70,71,71,72,73,73,73,72,1
170,58,63,64,69,56,60,65,68,57,59,64,65,61,65,66,67,70,70,70,69,69,69,68,67,66,65,-1
171,58,62,64,65,60,65,69,70,56,60,61,65,51,54,58,61,70,70,70,69,69,69,68,69,70,72,0
172,58,60,65,66,60,63,65,69,59,60,61,63,57,60,65,67,70,68,66,65,65,65,65,63,61,60,1
173,58,62,64,69,60,65,66,70,62,65,69,74,62,66,70,71,70,70,70,69,68,67,65,65,66,67,-1
174,58,60,62,66,55,59,60,63,56,60,64,65,54,59,61,62,70,70,70,71,71,72,73,74,75,77,-1
175,58,63,64,65,57,59,64,69,52,54,55,57,47,49,53,54,70,71,72,73,73,74,75,73,71,70,1
176,58,60,64,68,60,64,67,68,65,69,71,76,63,65,67,71,70,70,69,68,68,68,67,68,69,70,-1
177,58,62,65,66,55,57,60,65,50,52,57,58,54,57,61,66,70,71,72,73,75,77,78,78,78,78,0
178,58,62,66,70,63,64,68,73,63,64,65,68,65,69,71,72,70,70,70,70,68,66,65,67,69,70,-1
179,58,59,60,64,56,57,59,60,51,53,54,58,56,58,62,64,70,70,70,71,71,71,71,71,70,69,-1
180,58,63,65,66,53,55,59,64,58,61,62,67,55,60,63,68,70,70,70,71,71,71,72,72,71,70,-1
181,58,61,63,66,59,60,64,68,59,61,64,69,56,60,62,66,70,70,71,72,73,74,76,76,77,78,0
182,58,62,66,70,59,61,66,70,54,57,58,61,53,56,60,64,70,71,72,73,72,71,70,70,70,69,-1
183,58,63,64,67,63,67,71,72,65,69,74,77,60,63,68,71,70,69,68,66,64,62,61,59,57,56,0
184,58,61,62,65,59,60,65,67,54,57,60,65,51,55,56,61,70,70,70,69,69,69,69,71,73,74,-1
185,58,63,65,68,55,56,59,60,55,57,59,60,52,54,56,58,70,69,68,66,67,68,70,71,72,74,-1
186,58,63,68,71,55,59,64,65,60,63,68,70,57,61,65,67,70,70,70,70,70,69,68,68,68,69,1
187,58,61,62,67,62,63,66,70,66,70,72,73,68,72,76,77,70,70,70,71,71,72,73,72,71,70,1
188,58,62,63,67,62,63,65,66,61,63,67,71,62,63,64,68,70,70,70,69,70,71,72,70,68,67,-1
189,58,63,67,72,53,56,59,63,49,51,56,57,48,52,55,56,70,68,66,65,64,63,62,63,64,65,-1
190,58,61,63,67,56,59,62,67,56,57,62,63,57,59,63,67,70,70,70,69,68,67,66,66,66,66,0
191,58,63,64,67,60,65,70,71,61,62,63,65,60,63,67,70,70,70,69,68,67,66,65,65,65,64,-1
192,58,61,66,67,60,61,62,67,63,66,71,75,66,68,70,74,70,70,69,68,70,72,73,74,75,77,0
193,58,61,63,67,59,63,67,70,55,58,59,61,55,58,61,65,70,70,70,70,71,72,74,74,74,75,-1
194,58,59,60,63,57,61,65,70,52,54,56,59,57,61,64,67,70,70,70,70,72,74,75,76,77,78,-1
195,58,62,65,70,57,61,64,67,55,59,64,67,58,61,65,67,70,72,74,75,77,79,80,80,81,82,1
196,58,60,65,70,57,59,60,62,53,56,61,64,53,58,59,63,70,71,72,73,72,71,69,69,70,71,-1
197,58,62,63,64,63,67,71,74,66,70,73,76,66,67,72,73,70,70,69,68,68,68,69,69,69,70,-1
198,58,60,64,67,53,56,61,66,48,51,56,59,45,50,55,57,70,70,70,69,68,67,66,67,68,69,0
199,58,60,65,67,57,61,63,64,56,58,62,64,58,63,64,65,70,71,72,73,75,77,78,78,78,79,0
200,58,62,63,65,59,60,65,67,54,59,60,61,51,54,59,62,70,69,68,67,69,71,72,72,72,73,-1
201,58,61,63,65,55,57,61,65,50,55,60,62,52,57,61,63,70,70,70,70,69,68,66,66,66,67,-1
202,58,62,67,68,62,63,68,73,58,61,66,67,59,61,64,65,70,70,69,68,68,69,70,68,66,65,-1
203,58,61,65,68,55,56,58,62,60,64,66,68,57,60,65,70,70,70,70,69,67,65,64,64,63,62,-1
204,58,63,68,69,61,65,67,68,64,68,69,72,65,69,74,76,70,70,70,71,73,75,76,77,78,79,-1
205,58,60,62,67,57,59,62,64,52,55,56,61,51,56,61,63,70,71,72,74,74,75,76,74,72,71,-1
206,58,61,65,69,61,64,69,70,61,63,67,71,59,63,67,68,70,70,69,68,68,67,66,66,66,66,-1
207,58,63,64,66,55,60,62,66,50,54,59,61,53,54,58,63,70,71,72,74,74,75,76,76,75,74,-1
208,58,60,65,70,58,61,63,68,53,56,61,63,54,58,60,62,70,72,74,75,76,77,78,80,82,83,-1
209,58,63,64,67,56,61,65,66,51,53,58,60,54,59,64,65,70,68,66,65,65,64,63,63,64,65,-1
210,58,62,65,68,56,60,62,63,56,60,62,63,58,59,60,63,70,70,70,69,70,71,73,74,75,76,-1
211,58,61,66,70,56,58,61,62,53,58,63,64,54,55,57,62,70,70,69,68,68,68,67,67,66,65,-1
212,58,61,63,66,56,60,65,66,58,63,66,67,61,66,69,74,70,72,74,75,76,77,79,80,81,83,0
213,58,63,68,71,56,57,62,64,58,63,67,71,54,59,63,67,70,70,70,71,72,73,75,76,77,79,-1
214,58,62,64,66,59,64,69,70,58,60,62,65,59,64,67,70,70,71,72,74,74,74,73,73,72,71,-1
215,58,62,63,67,58,59,62,64,57,58,59,63,59,60,61,63,70,69,68,67,67,67,67,67,68,69,-1
216,58,60,61,62,59,61,66,71,60,64,69,74,65,69,71,72,70,70,69,68,68,68,67,68,69,71,-1
217,58,62,65,70,53,56,61,66,55,57,62,63,59,60,64,66,70,69,68,67,66,65,64,65,66,67,-1
218,58,62,66,67,57,59,63,65,52,55,56,57,54,59,63,66,70,72,74,75,74,73,72,72,72,72,-1
219,58,59,63,66,53,54,57,58,57,62,65,66,57,59,64,66,70,69,68,66,68,70,71,71,71,72,-1
220,58,59,61,65,56,60,64,66,52,56,59,60,55,58,61,62,70,70,70,70,70,70,70,72,74,75,-1
221,58,60,64,65,53,55,59,60,54,59,63,64,51,55,60,63,70,70,70,70,69,68,66,66,66,66,-1
222,58,60,63,64,59,63,66,67,56,60,61,63,53,56,57,59,70,68,66,65,64,63,61,61,62,63,0
223,58,61,65,66,53,54,59,60,50,55,58,63,47,52,56,58,70,71,72,73,73,73,74,72,70,69,-1
224,58,62,66,67,63,67,71,73,58,62,66,70,61,62,64,65,70,69,68,66,66,66,67,68,69,70,0
225,58,62,65,69,63,65,70,75,60,62,66,71,64,69,70,75,70,72,74,75,75,74,73,73,74,75,1
226,58,59,62,63,61,62,67,70,60,62,63,64,59,61,65,67,70,70,70,71,71,70,69,69,68,67,1
227,58,63,64,65,57,60,64,66,59,64,68,70,56,60,65,67,70,70,69,68,68,69,70,70,70,69,-1
228,58,61,66,67,55,56,57,62,60,63,68,73,57,61,63,66,70,71,72,74,73,72,71,70,69,68,-1
229,58,59,60,65,58,63,64,69,54,55,60,65,59,64,65,67,70,69,68,66,67,68,70,70,69,68,-1
230,58,62,63,67,56,61,62,66,58,61,65,67,55,59,63,64,70,71,72,74,73,72,70,70,70,70,0
231,58,63,67,69,63,64,68,71,65,69,74,78,68,69,71,74,70,71,72,73,74,75,77,77,77,78,-1
232,58,59,62,63,61,63,67,71,56,61,62,67,52,53,56,60,70,72,74,75,75,75,74,74,74,75,-1
233,58,62,63,66,58,61,66,69,60,62,66,69,61,64,68,69,70,71,72,74,74,74,73,72,71,70,-1
234,58,63,65,68,63,64,68,69,60,62,66,67,55,56,61,65,70,69,68,67,67,67,68,68,67,66,0
235,58,59,60,63,58,63,66,70,62,63,68,73,57,60,61,64,70,70,70,69,69,69,70,70,71,72,1
236,58,59,61,64,57,62,63,65,58,63,67,69,53,57,58,60,70,68,66,65,63,61,60,60,60,61,-1
237,58,60,65,66,54,57,58,61,49,52,54,56,49,53,54,57,70,70,70,69,71,73,74,74,75,76,-1
238,58,62,67,69,57,61,64,66,56,59,64,67,58,61,62,65,70,68,66,65,66,67,68,69,70,71,-1
239,58,59,60,64,60,65,66,69,59,60,65,70,60,61,63,67,70,70,71,72,72,72,72,73,74,76,0
240,58,59,62,65,54,55,56,60,54,55,56,59,51,54,55,57,70,69,68,67,67,67,67,66,65,64,-1
241,58,62,65,69,63,68,71,76,58,60,64,66,60,65,66,68,70,68,66,65,65,64,63,64,65,67,-1
242,58,62,67,68,60,63,66,67,56,61,63,68,51,54,58,62,70,72,74,75,75,74,73,73,73,74,1
243,58,63,64,66,57,58,59,63,62,65,69,71,58,63,65,68,70,69,68,67,66,65,63,65,67,68,-1
244,58,60,64,67,58,63,68,71,54,57,60,61,49,50,54,59,70,70,70,71,71,72,73,71,69,68,-1
245,58,62,64,65,57,62,67,70,52,53,54,55,53,55,59,63,70,69,68,66,65,64,62,62,62,63,-1
246,58,63,68,69,61,65,68,73,58,59,64,65,55,59,64,69,70,70,70,69,70,71,73,73,73,72,-1
247,58,62,64,66,63,65,67,69,67,69,73,76,62,65,68,70,70,70,70,69,70,71,73,72,71,70,1
248,58,62,65,67,59,60,62,63,57,59,61,62,62,64,67,69,70,68,66,65,64,63,62,63,64,65,-1
249,58,59,64,66,56,58,63,64,54,55,60,61,55,58,60,65,70,71,72,73,72,71,70,70,70,71,-1
250,58,63,66,69,62,63,67,70,63,66,71,74,58,59,64,65,70,69,68,67,67,67,68,69,70,72,-1
251,58,59,60,61,63,65,70,75,60,61,65,70,55,56,57,61,70,72,74,75,77,79,80,81,82,84,0
252,58,61,65,66,53,54,55,60,48,52,57,62,44,47,52,56,70,71,72,73,74,75,76,76,76,75,-1
253,58,59,63,67,55,59,62,64,56,61,62,63,51,54,55,59,70,68,66,65,65,66,67,69,71,72,1
254,58,61,66,69,63,65,69,72,61,66,70,74,58,60,65,67,70,71,72,74,74,73,72,72,72,71,-1
255,58,60,61,64,61,64,65,67,57,58,62,64,58,61,66,69,70,69,68,66,65,64,63,61,59,58,-1
256,58,63,68,72,54,57,59,60,55,57,59,61,57,59,64,68,70,71,72,73,71,69,68,68,69,70,-1
257,58,63,67,70,59,61,63,64,64,67,70,72,65,70,74,77,70,70,71,72,71,70,68,70,72,73,-1
258,58,59,61,65,57,59,62,63,60,62,67,70,63,64,65,68,70,72,74,75,77,79,80,80,80,79,0
259,58,62,63,67,60,65,68,71,58,60,63,64,53,57,58,62,70,68,66,65,65,65,64,65,66,67,-1
260,58,63,66,68,59,64,69,73,64,65,68,72,67,72,75,78,70,71,72,73,73,72,71,73,75,76,0
261,58,59,63,67,59,60,61,65,60,64,68,72,61,64,66,67,70,70,70,70,72,74,75,75,75,75,1
262,58,62,66,68,60,64,65,68,62,63,68,69,59,61,65,69,70,70,70,71,70,69,67,68,69,70,0
263,58,61,62,65,55,59,60,61,54,58,63,66,57,58,61,66,70,69,68,66,66,66,66,66,67,68,-1
264,58,60,64,69,55,59,61,62,55,59,64,68,57,61,63,64,70,69,68,67,67,67,66,65,64,63,1
265,58,62,67,69,53,55,56,57,52,53,58,61,56,58,62,64,70,69,68,66,65,64,62,61,60,59,1
266,58,60,65,69,63,64,66,67,62,65,70,71,63,64,65,70,70,71,72,73,73,73,73,73,73,74,-1
267,58,60,62,67,59,63,67,71,57,59,63,68,54,55,59,61,70,69,68,67,65,63,62,62,61,60,1
268,58,62,63,67,58,59,64,66,53,56,58,59,57,60,61,62,70,70,70,71,73,75,76,77,78,79,1
269,58,59,61,66,63,67,71,72,68,69,71,76,69,72,76,81,70,71,72,74,76,78,79,79,80,81,1
270,58,59,63,66,55,56,60,65,53,54,59,61,51,52,53,57,70,72,74,75,75,74,73,73,73,74,-1
271,58,59,63,66,60,62,67,68,64,68,72,77,63,67,71,73,70,69,68,66,68,70,71,70,69,67,1
272,58,62,65,68,54,59,60,63,55,59,64,68,54,59,63,64,70,71,72,73,74,75,77,77,76,75,-1
273,58,60,64,68,63,66,69,74,63,66,70,74,60,65,69,71,70,70,70,69,70,71,73,74,75,76,-1
274,58,62,66,71,61,63,66,71,59,64,67,70,60,62,66,71,70,69,68,67,67,66,65,65,65,65,-1
275,58,63,68,70,60,63,67,68,59,64,69,73,60,63,64,67,70,69,68,67,66,65,64,65,66,68,-1
276,58,62,65,68,55,56,60,64,50,53,58,63,54,58,60,62,70,70,70,71,72,73,75,75,75,74,-1
277,58,59,62,66,63,67,70,75,61,65,66,68,66,70,71,74,70,69,68,66,65,64,62,62,63,64,0
278,58,59,62,67,57,61,64,68,61,62,67,69,62,63,66,67,70,69,68,66,67,68,70,69,68,67,-1
279,58,59,60,62,54,59,62,67,54,59,60,65,56,58,62,63,70,70,70,70,69,68,67,68,69,71,-1
280,58,62,65,67,60,62,67,70,64,68,71,76,63,67,70,71,70,70,70,71,73,75,76,76,76,77,0
281,58,63,64,68,56,61,65,69,53,56,61,63,56,61,63,64,70,69,68,66,66,66,65,64,63,62,0
282,58,62,67,72,61,66,70,73,58,59,60,64,63,68,70,74,70,70,70,71,71,72,73,74,75,76,0
283,58,63,66,69,61,64,65,68,65,69,71,76,63,66,68,70,70,70,70,69,71,73,74,74,74,74,1
284,58,60,62,66,53,57,58,59,50,55,59,62,51,52,57,59,70,69,68,67,69,71,72,72,71,70,0
285,58,61,66,69,53,58,62,65,54,59,63,67,50,54,56,59,70,71,72,74,75,76,77,77,77,78,0
286,58,61,62,64,58,60,61,66,61,66,69,71,63,64,66,67,70,72,74,75,73,71,70,71,72,73,-1
287,58,62,63,68,54,56,58,63,57,60,63,66,60,64,66,69,70,69,68,66,66,66,67,67,68,69,1
288,58,61,64,65,57,58,63,67,55,58,62,67,55,56,61,62,70,69,68,67,68,69,71,71,70,69,0
289,58,63,65,70,62,67,69,71,59,62,64,68,55,60,65,69,70,71,72,73,73,73,74,74,75,76,-1
290,58,61,64,66,59,62,67,70,60,63,68,70,56,58,60,64,70,70,70,71,71,71,72,71,70,68,1
291,58,60,61,66,54,56,59,62,51,53,58,60,47,48,52,55,70,69,68,66,66,66,67,66,65,63,1
292,58,63,65,66,63,64,68,71,67,70,75,77,65,66,67,68,70,70,70,70,68,66,65,64,63,62,-1
293,58,63,66,67,59,62,67,69,63,66,69,72,59,64,68,73,70,70,70,70,69,68,67,67,67,68,-1
294,58,61,66,68,58,63,66,68,58,63,66,68,54,58,61,64,70,69,68,66,66,66,66,66,66,66,1
295,58,60,62,63,56,59,62,66,55,57,60,61,53,54,55,57,70,70,70,70,70,70,70,68,66,65,-1
296,58,60,65,66,61,66,70,74,61,62,65,67,57,59,62,67,70,69,68,66,66,65,64,64,65,66,-1
297,58,61,62,67,56,60,64,69,56,61,66,70,57,62,65,66,70,72,74,75,76,77,79,78,77,75,-1
298,58,60,61,66,57,62,66,71,55,59,64,65,57,61,63,68,70,70,70,69,70,71,72,72,72,72,0
299,58,60,63,65,59,63,64,68,56,61,63,65,52,55,56,58,70,69,68,67,67,67,67,69,71,72,-1
300,58,61,64,69,60,62,63,68,65,69,73,74,65,69,71,72,70,69,68,67,67,67,67,67,67,68,-1
302,58,61,64,66,57,58,62,63,59,60,64,69,59,64,68,73,70,70,70,71,70,69,67,66,65,64,-1
303,58,62,67,68,55,60,64,68,55,58,61,65,53,54,57,62,70,70,69,68,68,68,69,69,70,71,-1
304,58,63,68,73,59,62,64,69,62,65,67,72,66,71,73,75,70,69,68,67,68,69,70,71,72,73,0
305,58,60,61,65,63,66,67,69,66,68,71,76,68,70,71,76,70,68,66,65,66,67,68,68,68,68,-1
306,58,61,65,67,63,64,65,66,59,62,65,66,59,62,63,64,70,71,72,73,73,74,75,74,73,72,0
307,58,63,65,66,59,60,62,64,63,67,72,76,58,61,62,65,70,70,71,72,74,76,77,77,78,79,-1
308,58,60,62,66,56,60,64,67,56,57,62,65,52,53,58,62,70,70,70,71,70,69,68,68,67,66,-1
309,58,59,60,64,56,61,66,68,51,52,53,55,52,55,59,63,70,69,68,67,67,67,68,67,66,64,-1
310,58,59,63,65,54,59,61,62,58,62,63,66,56,57,60,61,70,70,70,70,70,70,70,72,74,75,1
311,58,60,61,62,53,56,60,62,57,62,64,68,58,59,61,65,70,71,72,74,76,78,79,78,77,75,1
312,58,59,64,67,56,58,59,64,57,59,64,68,59,64,65,69,70,72,74,75,75,75,75,73,71,70,-1
313,58,61,63,64,56,58,63,67,51,55,56,60,50,51,52,56,70,70,70,70,70,70,70,70,70,70,-1
314,58,60,64,69,58,63,65,66,58,62,65,67,60,64,66,69,70,72,74,75,77,79,80,81,82,83,1
315,58,62,63,65,61,62,65,67,60,65,70,71,56,60,64,66,70,70,70,69,69,70,71,71,71,71,-1
316,58,60,62,67,53,57,60,64,50,54,55,60,55,56,60,63,70,70,70,71,70,69,67,67,67,66,0
317,58,60,61,63,62,67,72,77,67,69,73,74,65,68,69,73,70,69,68,67,67,66,65,64,63,62,0
318,58,61,64,69,54,57,62,64,50,54,57,61,52,53,57,58,70,69,68,66,65,64,63,62,61,60,-1
319,58,63,66,71,60,63,66,67,57,60,62,66,60,62,66,70,70,69,68,66,65,64,63,62,61,59,-1
320,58,61,62,66,57,59,64,68,53,56,61,64,56,58,62,65,70,70,70,69,69,69,70,68,66,65,1
321,58,61,63,67,56,58,62,67,58,62,67,72,59,60,61,65,70,70,71,72,70,68,67,68,69,70,1
322,58,62,66,69,53,56,61,62,54,59,64,67,56,58,59,63,70,71,72,74,73,72,71,71,71,70,1
323,58,60,62,63,57,60,63,65,59,60,64,68,57,60,62,64,70,71,72,74,74,74,73,71,69,68,-1
324,58,60,65,67,63,66,69,72,67,72,76,81,64,69,74,79,70,70,69,68,67,66,64,63,62,60,1
325,58,62,65,68,54,55,60,65,53,58,62,67,56,60,62,63,70,69,68,66,68,70,71,71,71,70,-1
326,58,63,68,70,53,54,58,63,53,54,55,60,53,58,61,63,70,70,70,69,69,69,69,71,73,74,-1
327,58,63,64,68,55,59,64,68,57,59,64,69,62,63,68,73,70,68,66,65,66,67,68,67,66,64,-1
328,58,61,64,68,56,57,62,64,57,58,60,62,57,62,65,69,70,69,68,67,65,63,62,61,60,59,-1
329,58,59,64,69,58,59,64,68,61,66,70,74,64,68,72,74,70,69,68,66,65,64,62,60,58,57,-1
330,58,61,66,71,59,60,64,69,64,68,71,75,68,71,74,78,70,68,66,65,65,65,65,66,67,69,-1
331,58,63,67,71,56,60,61,63,58,59,60,65,56,59,62,65,70,72,74,75,76,77,79,79,79,78,0
332,58,63,65,68,58,61,66,68,56,57,58,59,51,52,54,57,70,68,66,65,65,65,64,64,63,62,-1
333,58,60,62,64,60,65,68,70,65,69,70,74,63,67,69,74,70,70,70,69,69,69,68,66,64,63,-1
334,58,63,66,67,61,64,65,70,66,70,72,74,65,70,73,77,70,70,70,71,73,75,76,76,77,78,1
335,58,61,64,68,63,64,69,74,60,62,67,70,63,68,70,73,70,71,72,73,74,75,77,75,73,72,-1
336,58,62,66,68,60,63,64,65,62,66,68,73,62,67,69,73,70,69,68,67,67,67,67,67,66,65,-1
337,58,59,61,65,55,57,58,62,51,55,60,62,48,53,58,61,70,71,72,74,72,70,69,69,69,68,0
338,58,63,68,70,60,64,68,69,63,65,66,68,63,67,71,72,70,69,68,67,68,69,71,71,70,69,0
339,58,59,60,63,59,61,62,64,55,60,62,67,56,59,64,69,70,70,70,70,69,68,66,67,68,70,0
340,58,63,66,68,59,62,66,71,57,61,63,65,52,57,62,65,70,72,74,75,76,77,79,79,79,79,0
341,58,61,65,68,63,68,72,74,65,67,70,75,66,69,73,78,70,70,70,69,69,70,71,71,70,69,1
342,58,59,61,65,54,58,59,62,56,60,65,67,51,53,54,56,70,72,74,75,75,75,76,76,76,76,-1
343,58,62,63,67,58,60,63,68,54,58,63,64,49,53,58,62,70,71,72,74,74,74,75,75,75,75,-1
344,58,62,63,67,53,57,58,59,56,58,63,66,53,56,58,63,70,70,69,68,68,68,68,69,70,71,0
345,58,59,62,67,62,65,67,70,61,66,69,72,59,61,66,70,70,70,69,68,68,67,66,66,66,67,-1
346,58,62,67,68,61,66,70,74,61,63,64,69,65,67,69,73,70,69,68,67,68,69,70,71,72,73,1
347,58,59,61,62,55,57,61,62,60,63,68,73,64,67,70,73,70,70,70,71,72,73,74,73,72,71,1
348,58,63,68,71,61,64,67,69,62,64,68,69,63,67,71,75,70,70,70,71,71,71,71,70,69,67,0
349,58,59,62,67,59,63,64,67,64,69,73,78,61,65,70,73,70,70,70,70,70,69,68,69,70,71,-1
350,58,63,66,70,53,54,58,59,54,56,58,60,49,53,55,56,70,70,70,69,69,68,67,67,66,65,-1
351,58,60,62,66,59,60,63,68,59,61,64,67,59,63,64,68,70,70,69,68,67,66,65,66,67,69,0
352,58,59,64,69,61,64,68,73,56,58,62,66,59,62,67,68,70,68,66,65,64,63,61,60,59,58,0
353,58,59,64,65,60,65,66,71,55,59,61,63,54,56,60,63,70,70,70,70,70,70,69,68,67,66,0
354,58,60,64,69,54,58,59,63,57,60,61,65,53,55,57,60,70,70,70,69,69,70,71,70,69,68,-1
355,58,59,62,66,61,62,64,69,65,66,70,72,67,68,69,74,70,72,74,75,76,77,79,79,79,78,0
356,58,63,65,68,56,58,62,67,52,55,60,62,50,51,56,59,70,69,68,66,65,64,62,64,66,67,-1
357,58,61,62,64,56,60,61,64,58,60,64,69,55,57,59,64,70,70,71,72,74,76,77,79,81,82,0
358,58,63,68,73,61,66,68,73,59,61,62,65,61,66,68,70,70,71,72,73,75,77,78,80,82,83,-1
359,58,59,63,65,57,60,65,67,62,66,71,76,57,58,61,62,70,71,72,73,73,74,75,75,74,73,-1
360,58,60,63,68,58,59,60,65,54,58,59,63,49,51,54,57,70,71,72,73,72,71,70,70,70,70,-1
361,58,59,64,66,57,59,60,61,60,63,68,69,60,65,68,69,70,70,70,71,69,67,66,66,67,68,-1
362,58,59,62,64,59,62,65,70,62,67,69,71,63,64,68,69,70,71,72,74,73,72,71,70,69,68,1
363,58,62,63,64,60,62,66,68,57,59,62,65,55,59,61,62,70,70,70,71,71,72,73,71,69,68,-1
364,58,62,65,67,57,58,59,64,52,57,59,61,47,51,53,55,70,71,72,74,74,73,72,72,73,74,-1
365,58,59,61,66,63,65,69,70,63,66,71,72,68,70,73,75,70,70,69,68,67,66,65,65,65,66,0
366,58,63,64,65,56,61,63,67,59,60,64,67,58,62,63,65,70,70,70,70,72,74,75,75,75,75,-1
367,58,63,64,65,59,62,63,67,58,61,66,71,56,58,60,63,70,70,70,70,68,66,65,65,64,63,-1
368,58,63,67,69,61,64,67,70,63,67,71,72,59,62,63,68,70,71,72,73,73,74,75,75,75,74,-1
369,58,59,64,66,61,62,64,66,59,63,67,68,61,63,68,73,70,69,68,67,67,68,69,70,71,73,0
370,58,60,62,63,54,56,59,64,50,55,57,58,47,52,56,57,70,70,70,70,71,72,73,74,75,77,-1
371,58,63,68,71,60,61,62,64,60,63,67,70,61,62,66,67,70,70,70,69,69,69,70,68,66,65,-1
372,58,60,62,64,60,62,65,67,59,62,63,65,60,63,66,67,70,69,68,66,64,62,61,61,61,62,-1
373,58,59,64,66,61,63,68,69,59,61,63,65,56,58,59,63,70,70,70,70,68,66,65,67,69,70,0
374,58,63,64,65,55,56,61,65,58,60,62,65,61,62,63,67,70,71,72,73,73,73,74,74,74,74,-1
375,58,60,61,66,59,64,68,72,56,58,60,62,59,60,64,66,70,70,71,72,72,72,72,71,70,68,-1
376,58,62,65,68,55,59,64,65,53,56,60,63,52,57,58,61,70,72,74,75,77,79,80,80,80,79,1
377,58,62,66,69,60,65,66,68,58,59,61,64,59,60,65,67,70,70,70,70,70,71,72,70,68,67,-1
378,58,61,64,69,59,61,62,65,60,63,67,71,63,66,69,73,70,69,68,67,67,66,65,63,61,60,-1
379,58,59,63,65,54,57,61,65,49,54,58,59,45,46,47,49,70,70,70,71,70,69,67,67,67,66,-1
380,58,62,67,68,59,62,64,67,64,66,69,70,65,70,75,80,70,70,69,68,68,68,69,69,69,68,-1
381,58,62,64,69,59,61,63,67,55,60,63,68,52,56,57,58,70,71,72,73,75,77,78,78,79,80,0
382,58,62,66,71,56,61,63,68,51,55,60,63,46,49,53,54,70,70,69,68,68,68,69,69,69,70,1
383,58,62,65,69,60,62,64,66,62,66,70,71,67,68,72,75,70,70,70,71,71,71,72,73,74,75,1
384,58,62,64,65,61,63,66,69,56,60,61,63,53,55,59,64,70,68,66,65,65,65,66,67,68,70,-1
385,58,60,65,67,57,60,63,68,62,66,69,73,61,62,66,69,70,69,68,67,67,67,67,68,69,71,-1
386,58,61,64,66,56,60,61,64,57,59,63,67,59,61,64,68,70,70,70,70,70,69,68,68,68,67,-1
387,58,59,63,66,60,65,66,71,59,64,69,70,59,61,65,70,70,71,72,74,74,73,72,70,68,67,-1
388,58,62,63,66,59,62,63,64,63,66,67,69,66,68,71,75,70,68,66,65,64,63,61,60,59,57,-1
389,58,63,65,68,56,57,62,67,57,59,60,63,56,59,63,64,70,72,74,75,74,73,72,72,72,73,-1
390,58,61,65,66,55,60,61,65,59,62,66,68,62,66,71,76,70,70,70,69,71,73,74,74,74,75,0
391,58,63,65,68,63,66,69,70,63,65,67,71,64,66,69,73,70,69,68,66,65,64,63,63,63,62,-1
392,58,63,67,69,63,66,70,73,58,63,64,66,56,61,66,70,70,71,72,74,75,76,78,76,74,73,-1
393,58,61,63,67,54,55,56,59,52,56,57,59,48,53,55,60,70,70,69,68,68,69,70,72,74,75,-1
394,58,63,64,66,53,58,60,61,51,56,61,62,48,52,53,58,70,70,69,68,68,69,70,69,68,66,-1
395,58,63,67,69,63,65,70,72,67,72,73,77,66,67,68,70,70,70,70,69,67,65,64,64,65,66,0
396,58,59,60,63,62,67,71,74,59,64,66,68,58,63,68,72,70,70,70,70,70,71,72,72,72,72,-1
397,58,61,62,63,60,64,68,73,60,65,67,72,60,61,64,66,70,70,71,72,70,68,67,65,63,62,-1
398,58,61,63,64,54,58,61,66,49,53,58,62,46,47,48,50,70,72,74,75,77,79,80,80,79,78,1
399,58,61,65,69,57,59,64,65,55,60,63,65,56,58,59,60,70,68,66,65,65,65,65,64,63,62,-1
400,58,59,64,68,55,58,61,65,60,61,65,70,64,68,69,70,70,71,72,73,73,72,71,71,70,69,1
401,58,61,62,65,62,66,68,69,60,65,69,70,55,56,58,60,70,69,68,66,65,64,63,63,63,64,-1
402,58,63,66,71,62,63,64,69,67,71,73,76,72,77,81,86,70,71,72,74,74,73,72,72,72,71,0
403,58,61,64,69,54,57,58,62,53,55,59,62,58,63,67,70,70,70,70,69,69,70,71,71,71,70,1
404,58,63,67,71,62,63,68,73,57,59,63,67,54,56,60,61,70,68,66,65,64,63,62,61,60,59,-1
405,58,61,64,67,60,64,65,68,60,62,64,69,65,66,68,73,70,70,69,68,69,70,72,72,72,72,0
406,58,63,64,67,55,60,63,68,51,54,58,59,50,53,58,60,70,71,72,74,73,72,70,70,69,68,-1
407,58,62,63,66,60,63,64,68,65,66,71,72,69,74,78,82,70,69,68,67,69,71,72,72,73,74,1
408,58,62,67,71,55,59,62,65,60,65,66,71,56,59,64,69,70,71,72,74,74,74,75,75,75,75,-1
409,58,63,65,68,55,59,64,65,57,59,62,65,62,66,70,74,70,70,70,71,73,75,76,75,74,72,-1
410,58,62,65,68,59,61,63,67,58,63,64,65,54,58,60,62,70,70,70,71,72,73,75,74,73,72,-1
411,58,61,65,66,61,66,67,70,57,58,59,61,52,56,57,60,70,69,68,67,67,67,67,67,67,66,-1
412,58,63,68,73,55,60,63,67,51,54,55,58,52,57,58,59,70,70,70,70,70,70,69,68,67,65,-1
413,58,63,66,70,53,55,59,60,58,63,64,69,55,56,59,60,70,69,68,66,66,66,67,66,65,64,-1
414,58,62,64,67,62,66,71,72,60,61,63,65,58,61,62,65,70,69,68,67,66,65,64,62,60,59,-1
415,58,59,61,63,62,67,68,69,63,64,68,70,66,70,74,78,70,70,70,70,71,72,73,73,73,74,1
416,58,61,62,65,59,64,67,72,62,63,65,68,64,69,72,75,70,71,72,73,73,73,73,73,74,75,-1
417,58,59,63,67,61,66,71,72,58,62,64,67,56,60,61,62,70,72,74,75,75,75,76,74,72,71,0
418,58,63,65,67,54,57,62,66,56,58,61,63,55,57,59,62,70,70,70,69,71,73,74,74,75,76,-1
419,58,61,62,64,63,64,65,67,68,73,76,77,63,66,70,73,70,70,71,72,71,70,69,69,68,67,-1
420,58,63,66,69,53,57,59,61,52,53,57,62,49,54,56,58,70,70,70,71,71,71,70,70,70,70,-1
421,58,59,63,66,54,59,64,67,54,55,56,57,54,59,61,64,70,69,68,66,65,64,63,63,62,61,-1
422,58,60,64,67,62,66,71,73,58,59,62,64,58,60,61,63,70,70,70,69,70,71,72,72,72,72,-1
423,58,61,63,66,58,62,65,68,60,63,66,67,63,66,70,73,70,70,69,68,68,69,70,70,70,69,1
424,58,59,62,63,58,61,63,65,59,63,68,73,60,63,67,72,70,70,70,71,71,70,69,70,71,73,1
425,58,61,66,67,59,62,66,68,55,60,64,66,53,54,58,62,70,69,68,66,66,66,67,67,66,65,1
426,58,61,62,64,61,63,67,68,58,63,66,69,54,55,59,63,70,68,66,65,67,69,70,68,66,65,-1
427,58,59,60,65,59,63,65,68,63,64,67,72,68,69,71,75,70,70,70,69,70,71,73,73,73,73,-1
428,58,60,62,67,62,64,67,71,62,67,72,73,67,72,75,77,70,69,68,66,68,70,71,70,69,68,-1
429,58,61,62,64,62,67,68,73,62,66,71,72,67,72,76,77,70,69,68,66,66,66,66,65,64,62,-1
430,58,61,63,68,61,63,67,72,59,63,68,73,62,63,64,69,70,68,66,65,66,67,68,70,72,73,-1
431,58,63,64,65,58,60,64,68,61,62,63,64,59,62,67,71,70,69,68,67,68,69,70,71,72,73,-1
432,58,61,64,65,54,56,61,64,55,59,64,68,59,61,63,65,70,70,70,71,71,72,73,73,74,75,-1
433,58,59,60,64,61,64,67,72,57,62,67,72,52,55,60,63,70,72,74,75,75,75,74,73,72,71,0
434,58,59,61,62,58,59,64,68,58,60,62,67,60,63,66,68,70,69,68,67,67,67,67,66,65,63,1
435,58,59,60,61,63,67,72,76,61,65,67,71,66,69,72,74,70,71,72,74,74,74,75,75,75,75,0
436,58,62,65,68,55,60,64,68,50,54,59,62,52,55,59,62,70,71,72,73,75,77,78,78,78,79,1
437,58,63,65,67,59,63,66,71,58,62,65,68,62,65,68,70,70,70,70,69,68,67,65,66,67,69,1
438,58,63,67,69,53,57,61,62,55,59,60,65,59,64,66,67,70,70,71,72,71,70,69,70,71,73,-1
439,58,62,63,67,60,62,66,67,64,66,70,72,65,68,73,76,70,70,70,69,67,65,64,64,65,66,0
440,58,59,63,67,61,64,65,70,62,64,66,67,62,64,69,73,70,68,66,65,66,67,69,69,69,69,-1
441,58,60,62,63,56,58,60,63,54,57,61,65,58,63,66,67,70,70,69,68,66,64,63,61,59,58,1
442,58,63,68,69,60,62,64,65,64,66,70,74,68,72,74,76,70,69,68,67,67,68,69,69,69,68,0
443,58,60,64,66,56,57,61,65,55,58,63,64,52,55,59,63,70,70,70,69,70,71,72,72,72,71,-1
444,58,59,62,67,60,63,66,68,58,62,65,69,55,59,60,62,70,68,66,65,65,65,66,66,66,66,-1
445,58,62,63,66,56,60,64,65,52,55,59,64,54,59,63,64,70,69,68,67,67,67,67,68,69,71,-1
446,58,60,63,66,59,61,63,68,62,64,65,66,62,67,69,73,70,70,71,72,71,70,69,69,69,70,1
447,58,60,64,65,53,54,56,57,51,56,61,64,49,53,54,57,70,69,68,67,69,71,72,73,74,76,-1
448,58,63,65,69,61,64,66,70,57,59,61,64,60,62,65,67,70,70,70,69,68,67,65,65,64,63,-1
449,58,61,62,66,58,63,65,69,63,67,72,73,64,65,67,69,70,69,68,66,66,66,65,64,63,62,-1
450,58,63,66,71,53,55,59,62,50,54,59,62,49,53,54,58,70,70,70,71,69,67,66,66,65,64,1
451,58,61,63,65,57,60,65,66,58,63,65,70,60,62,67,70,70,72,74,75,76,77,78,78,78,78,-1
452,58,63,68,70,63,64,67,69,59,64,69,74,64,65,68,70,70,70,71,72,71,70,68,68,68,68,-1
453,58,59,60,63,63,66,71,76,66,68,72,75,70,71,74,77,70,69,68,66,65,64,63,63,63,62,1
454,58,60,62,63,53,54,56,57,49,54,56,57,48,49,52,54,70,72,74,75,76,77,78,76,74,73,-1
455,58,63,66,68,59,63,67,68,56,60,65,69,60,65,70,71,70,72,74,75,73,71,70,71,72,73,-1
456,58,61,65,68,56,58,61,62,55,56,61,62,52,56,57,58,70,68,66,65,65,66,67,66,65,63,-1
457,58,59,63,66,55,60,63,66,53,55,57,61,55,60,61,62,70,70,71,72,74,76,77,77,77,77,1
458,58,59,63,67,62,64,66,71,60,61,64,65,57,62,65,70,70,71,72,73,73,73,74,75,76,77,-1
459,58,63,68,73,55,57,58,59,59,60,61,64,59,62,66,70,70,69,68,67,69,71,72,71,70,68,-1
460,58,62,65,67,55,59,64,66,54,55,58,59,58,63,65,70,70,69,68,66,66,66,67,67,68,69,1
461,58,63,64,66,62,66,70,75,60,61,62,63,57,62,64,65,70,70,69,68,69,70,72,70,68,67,-1
462,58,62,66,71,62,66,69,71,57,60,61,65,54,55,59,63,70,70,71,72,73,74,75,74,73,72,-1
463,58,61,65,69,53,56,59,64,53,58,63,65,51,55,58,59,70,69,68,66,66,66,65,65,66,67,-1
464,58,61,63,67,58,62,65,66,60,62,63,68,65,69,71,73,70,70,70,69,67,65,64,65,66,67,-1
465,58,62,65,67,56,57,60,63,56,59,62,65,55,57,62,63,70,70,69,68,69,70,72,72,72,71,0
466,58,62,63,64,57,59,60,63,56,59,64,65,57,58,60,64,70,72,74,75,75,75,76,76,77,78,-1
467,58,60,65,69,54,59,64,67,58,63,67,69,63,64,67,70,70,70,70,69,67,65,64,63,62,61,0
468,58,63,65,70,55,59,63,65,57,58,62,66,58,60,62,66,70,69,68,66,65,64,62,62,62,61,-1
469,58,59,64,69,55,59,63,68,51,53,55,59,53,58,63,68,70,72,74,75,75,75,75,77,79,80,0
470,58,60,65,69,61,62,64,66,61,66,68,70,62,66,70,75,70,71,72,73,74,75,76,78,80,81,1
471,58,61,66,67,55,59,64,68,58,61,66,69,55,59,61,65,70,69,68,67,68,69,70,71,72,73,0
472,58,60,63,68,62,65,67,69,65,69,74,77,69,72,73,77,70,70,70,70,69,68,67,68,69,70,-1
473,58,61,63,68,56,59,60,61,52,53,56,59,55,58,59,61,70,70,71,72,71,70,69,69,69,70,-1
474,58,61,64,69,63,66,68,73,68,69,74,76,63,65,66,67,70,70,70,69,69,69,69,70,71,73,1
475,58,60,62,63,54,58,59,61,55,58,59,62,51,56,59,63,70,70,71,72,70,68,67,67,66,65,0
476,58,60,61,64,61,63,64,65,59,62,65,68,55,56,61,66,70,72,74,75,75,76,77,77,77,77,-1
477,58,61,65,66,55,59,60,63,53,56,61,62,57,60,64,66,70,70,70,71,72,73,75,74,73,72,0
478,58,62,63,68,59,63,64,66,60,65,68,69,65,70,74,76,70,68,66,65,64,63,61,59,57,56,0
479,58,62,65,67,60,64,66,68,65,69,70,73,60,62,66,71,70,70,69,68,68,67,66,65,64,62,-1
480,58,62,67,71,56,60,63,68,61,62,63,68,59,62,64,66,70,71,72,73,75,77,78,78,79,80,1
481,58,61,65,67,63,65,66,69,58,59,63,67,56,59,61,65,70,70,71,72,73,74,76,76,76,76,-1
482,58,59,62,64,62,64,67,68,67,69,72,75,68,70,74,77,70,71,72,74,72,70,69,71,73,74,1
483,58,63,66,69,63,64,67,69,67,68,72,73,69,71,76,79,70,71,72,73,73,73,73,73,72,71,1
484,58,62,63,68,63,64,67,69,61,66,69,70,58,61,62,65,70,68,66,65,65,64,63,63,63,63,-1
485,58,63,65,70,53,56,59,62,52,53,57,61,55,60,62,66,70,70,69,68,68,68,68,69,70,72,1
486,58,60,65,68,63,64,68,72,59,62,66,67,59,61,65,66,70,68,66,65,66,67,69,67,65,64,-1
487,58,60,65,67,56,58,59,60,55,58,62,64,56,60,62,66,70,70,70,71,71,72,73,73,73,73,0
488,58,61,62,63,53,54,58,62,55,56,58,63,54,58,60,61,70,69,68,67,67,66,65,66,67,68,-1
489,58,61,65,68,56,61,63,65,60,63,66,69,60,61,65,70,70,70,70,69,68,67,66,68,70,71,0
490,58,59,63,68,62,65,66,71,61,65,69,74,59,60,63,68,70,72,74,75,77,79,80,78,76,75,1
491,58,59,63,66,60,65,69,72,63,66,67,72,60,65,67,70,70,70,70,69,70,71,73,73,72,71,1
492,58,60,63,67,60,63,68,72,56,60,63,66,56,60,62,65,70,70,70,70,71,72,74,74,74,75,1
493,58,59,62,65,60,62,64,66,63,64,66,67,58,63,66,67,70,70,70,71,72,73,75,75,76,77,-1
494,58,59,62,64,60,65,67,68,59,63,67,72,63,65,67,70,70,72,74,75,73,71,70,71,72,74,-1
495,58,63,64,66,59,60,65,66,57,61,63,64,53,57,60,62,70,72,74,75,76,77,78,79,80,82,0
496,58,63,68,70,61,62,67,68,63,67,69,73,68,70,72,74,70,72,74,75,77,79,80,80,80,79,1
497,58,60,61,65,55,59,63,64,59,63,66,68,56,61,64,65,70,70,70,70,70,70,69,69,68,67,0
498,58,63,68,73,55,60,62,66,59,63,64,69,56,57,59,63,70,68,66,65,64,63,61,60,59,58,1
499,58,60,63,64,54,56,58,63,58,61,63,68,62,66,71,76,70,70,70,71,70,69,67,68,69,71,0
500,58,61,66,71,59,60,62,63,55,56,60,64,57,58,60,63,70,70,69,68,68,67,66,66,66,66,-1
501,58,60,64,67,57,61,63,65,58,60,65,70,53,55,58,61,70,71,72,73,75,77,78,77,76,75,1
502,58,60,61,64,54,58,59,60,51,53,55,57,54,56,57,60,70,70,69,68,68,68,69,69,69,69,-1
503,58,60,64,65,53,57,62,65,52,55,56,60,56,59,63,65,70,71,72,74,75,76,78,78,79,80,1
504,58,59,63,65,58,62,66,68,62,66,68,72,65,67,72,77,70,72,74,75,75,75,74,72,70,69,-1
505,58,60,63,67,54,57,59,61,59,63,65,67,58,60,62,63,70,70,71,72,72,71,70,70,71,72,-1
506,58,60,62,66,57,58,61,62,57,58,62,66,59,60,61,65,70,68,66,65,63,61,60,61,62,63,-1
507,58,63,68,72,63,66,68,71,58,62,64,65,57,60,64,65,70,69,68,67,68,69,70,68,66,65,-1
508,58,62,67,71,59,62,64,69,63,68,70,73,67,71,76,77,70,68,66,65,66,67,68,67,66,64,-1
509,58,59,64,69,55,60,62,65,50,52,54,59,46,51,53,56,70,69,68,66,65,64,62,62,63,64,-1
510,58,62,66,67,57,59,60,61,59,64,67,70,61,63,65,69,70,69,68,67,68,69,70,71,72,74,1
511,58,61,62,64,55,59,60,63,57,59,61,66,54,58,61,65,70,69,68,66,67,68,70,68,66,65,0
512,58,60,61,63,58,60,62,66,54,58,60,65,49,52,54,55,70,70,70,70,70,70,69,71,73,74,1
513,58,60,64,66,62,66,70,73,60,62,66,69,61,65,70,75,70,71,72,73,73,73,72,71,70,68,1
514,58,63,68,72,63,64,68,69,61,63,68,69,63,66,68,70,70,70,70,69,69,69,70,69,68,66,1
515,58,62,65,68,58,61,62,67,59,62,63,66,59,62,67,72,70,70,70,69,67,65,64,64,65,66,-1
516,58,59,62,64,61,66,67,70,63,64,68,70,59,60,61,63,70,70,70,71,70,69,67,68,69,71,-1
517,58,63,65,70,59,63,65,69,61,63,65,66,62,66,68,70,70,69,68,66,68,70,71,72,73,75,1
518,58,61,62,66,53,57,60,62,52,56,57,59,49,51,54,58,70,70,70,71,70,69,68,66,64,63,0
519,58,61,65,68,54,57,62,64,59,63,66,68,59,60,61,62,70,70,69,68,69,70,72,74,76,77,0
520,58,59,60,61,54,56,60,64,54,57,59,62,52,54,56,58,70,70,70,69,69,68,67,69,71,72,-1
521,58,63,66,69,63,66,71,75,65,67,69,73,68,69,74,76,70,69,68,67,67,68,69,70,71,73,0
522,58,61,62,64,53,54,57,61,48,49,52,56,48,52,56,59,70,71,72,74,73,72,71,70,69,67,0
523,58,60,63,68,61,62,65,70,64,68,73,78,63,68,71,75,70,70,71,72,73,74,75,76,77,79,0
524,58,59,62,66,61,65,66,70,60,64,68,73,55,57,59,61,70,70,70,71,70,69,68,68,68,67,1
525,58,62,65,68,55,58,60,62,52,53,58,60,54,56,58,62,70,70,70,71,73,75,76,77,78,80,1
526,58,61,63,65,62,63,64,68,65,67,72,76,60,65,70,73,70,70,70,69,71,73,74,74,74,73,-1
527,58,59,62,65,57,58,61,62,62,66,71,75,63,65,66,68,70,70,70,69,69,69,69,71,73,74,-1
528,58,62,66,69,59,61,62,67,61,65,67,70,65,68,71,76,70,70,69,68,68,69,70,69,68,66,1
529,58,63,65,68,58,59,64,68,59,63,65,67,54,58,59,60,70,72,74,75,76,77,78,78,78,77,0
530,58,63,68,73,62,64,65,70,61,63,67,72,64,66,70,71,70,71,72,74,74,74,75,75,74,73,1
531,58,62,64,65,60,65,68,71,59,61,65,70,58,62,67,72,70,69,68,66,66,66,66,66,66,66,-1
532,58,59,64,68,56,61,65,66,58,60,64,66,63,64,65,68,70,70,70,69,68,67,65,66,67,68,-1
533,58,61,64,65,62,67,68,69,61,65,68,70,59,60,61,64,70,69,68,67,67,68,69,69,70,71,-1
534,58,61,63,67,61,66,67,72,58,60,61,62,59,64,69,71,70,70,70,71,72,73,75,73,71,70,-1
535,58,60,64,67,61,62,66,69,56,59,62,65,57,62,65,70,70,68,66,65,65,65,64,64,64,64,-1
536,58,63,64,66,60,62,67,70,55,57,58,59,59,61,62,64,70,71,72,74,76,78,79,77,75,74,-1
537,58,61,64,67,55,59,61,66,51,55,59,62,54,58,61,65,70,70,70,71,71,71,72,73,74,76,1
538,58,61,62,64,62,64,67,68,60,61,64,65,61,62,63,66,70,72,74,75,75,74,73,73,73,74,-1
539,58,61,64,66,58,62,66,71,53,55,56,57,57,59,62,65,70,72,74,75,75,75,74,74,73,72,-1
540,58,61,63,66,61,65,68,73,60,61,63,67,55,56,59,61,70,71,72,74,74,74,74,72,70,69,-1
541,58,60,65,69,63,66,67,70,64,69,70,71,69,73,76,81,70,71,72,73,75,77,78,78,77,76,-1
542,58,62,67,71,56,58,61,63,58,63,68,73,59,62,67,68,70,68,66,65,67,69,70,70,70,69,-1
543,58,62,64,65,59,63,65,67,58,62,65,67,60,61,65,70,70,70,70,70,70,70,70,70,70,71,-1
544,58,62,65,67,59,64,68,71,60,64,68,70,64,68,72,75,70,69,68,67,66,65,63,63,64,65,-1
545,58,60,63,67,60,63,68,69,60,62,65,69,61,66,67,72,70,68,66,65,65,65,66,68,70,71,-1
546,58,62,64,67,55,57,61,66,50,53,54,59,52,57,62,65,70,72,74,75,73,71,70,70,70,70,0
547,58,60,63,68,54,58,61,64,52,54,58,61,50,52,57,61,70,71,72,74,75,76,77,77,77,77,0
548,58,62,63,68,58,59,63,68,55,60,62,63,57,62,65,68,70,70,70,70,70,69,68,69,70,71,1
549,58,62,67,72,54,55,60,63,58,59,60,65,56,60,62,66,70,70,70,71,71,71,72,74,76,77,-1
550,58,59,60,62,63,66,70,72,68,71,73,74,73,76,78,79,70,70,71,72,72,72,72,72,73,74,1
551,58,60,63,66,59,62,64,66,58,63,68,71,61,62,63,68,70,70,71,72,72,72,72,72,71,70,0
552,58,61,64,66,55,60,63,68,51,55,57,62,47,50,53,54,70,70,70,69,70,71,73,74,75,77,-1
553,58,62,66,70,57,59,62,66,58,59,60,65,62,67,68,73,70,70,69,68,67,66,64,65,66,68,0
554,58,60,64,67,60,61,63,67,55,59,64,67,60,64,68,70,70,70,69,68,69,70,71,70,69,67,-1
555,58,60,61,65,60,64,66,68,59,62,67,68,57,59,64,68,70,70,69,68,66,64,63,64,65,67,-1
556,58,61,62,67,53,54,56,57,49,51,56,59,44,46,49,52,70,70,70,71,71,71,72,73,74,76,-1
557,58,59,61,64,53,54,55,60,57,58,60,61,54,59,62,64,70,71,72,73,73,73,72,73,74,75,-1
558,58,63,66,68,55,58,61,62,60,61,64,65,64,65,69,72,70,68,66,65,65,65,65,64,63,62,1
559,58,63,68,70,61,62,66,69,57,58,60,65,53,57,58,61,70,70,70,70,70,71,72,71,70,68,-1
560,58,60,61,62,54,59,63,68,56,59,61,62,52,53,56,61,70,70,70,71,69,67,66,65,64,63,-1
561,58,62,66,68,60,63,66,71,57,60,64,69,53,54,58,61,70,69,68,66,66,66,66,66,66,67,0
562,58,62,66,70,59,62,66,67,56,57,60,61,61,64,67,72,70,69,68,67,67,68,69,69,70,71,-1
563,58,62,66,70,61,63,65,67,57,61,65,69,58,63,66,71,70,70,70,70,69,68,67,68,69,70,1
564,58,61,65,68,58,61,66,68,62,65,69,74,63,68,72,74,70,69,68,67,67,68,69,69,69,68,-1
565,58,60,62,63,62,66,69,73,58,59,63,68,62,65,66,68,70,71,72,73,73,73,72,72,72,73,-1
566,58,62,66,71,57,62,67,68,57,60,63,68,57,58,59,62,70,69,68,67,67,67,68,70,72,73,-1
567,58,59,60,61,55,57,59,62,60,64,67,71,58,62,64,68,70,70,70,70,70,70,71,72,73,74,1
568,58,59,64,68,54,59,61,63,56,60,64,69,58,62,65,66,70,70,70,69,69,70,71,72,73,74,0
569,58,60,63,64,57,62,63,68,54,59,62,64,49,50,55,58,70,70,70,69,69,69,70,70,69,68,-1
570,58,63,64,69,58,60,61,62,63,64,67,70,66,71,72,74,70,71,72,73,71,69,68,68,67,66,-1
571,58,59,63,67,63,65,67,70,63,64,69,74,68,69,72,77,70,69,68,66,66,65,64,64,64,65,-1
572,58,62,65,66,56,58,63,64,57,61,66,70,53,58,63,66,70,68,66,65,65,64,63,61,59,58,-1
573,58,62,67,72,59,62,67,69,59,60,61,66,64,66,70,73,70,70,69,68,69,70,72,72,72,73,1
574,58,61,62,63,53,58,63,67,54,57,61,65,53,57,62,67,70,70,71,72,70,68,67,67,67,68,-1
575,58,63,67,70,57,58,60,61,56,60,64,67,52,54,58,61,70,70,70,69,70,71,73,74,75,77,-1
576,58,61,62,66,53,57,62,67,58,60,62,67,56,60,62,66,70,68,66,65,63,61,60,59,58,56,1
577,58,60,62,65,58,63,67,71,61,65,67,69,57,58,63,65,70,70,71,72,72,72,72,72,71,70,1
578,58,60,61,62,62,66,67,71,66,67,69,74,67,69,72,74,70,69,68,66,66,65,64,63,62,61,-1
579,58,60,62,66,53,54,55,59,57,58,63,64,57,58,63,66,70,70,70,70,71,72,74,72,70,69,-1
580,58,60,61,66,62,65,70,71,60,65,69,72,55,59,61,64,70,69,68,67,69,71,72,72,73,74,1
581,58,62,67,69,56,59,61,65,59,63,65,70,61,65,66,67,70,72,74,75,75,75,74,74,74,75,0
582,58,63,68,72,58,63,68,72,58,60,65,67,54,58,63,67,70,68,66,65,66,67,68,68,68,67,-1
583,58,61,62,66,58,59,64,68,60,65,68,70,58,62,66,69,70,70,70,70,70,71,72,72,72,73,1
584,58,63,64,68,63,68,72,73,64,68,73,76,68,69,70,72,70,68,66,65,64,63,61,62,63,64,0
585,58,62,63,67,60,63,64,67,61,62,67,68,58,62,65,67,70,70,71,72,72,72,71,71,71,71,1
586,58,60,65,69,60,65,67,68,65,69,74,75,63,65,67,70,70,71,72,74,74,74,73,75,77,78,0
587,58,62,65,70,55,60,64,66,59,60,61,62,58,63,67,69,70,70,70,71,71,71,71,70,69,67,-1
588,58,59,62,65,55,57,59,62,52,55,56,57,51,54,58,60,70,70,71,72,72,72,73,73,72,71,-1
589,58,61,62,66,58,61,65,69,59,62,65,68,61,62,66,67,70,68,66,65,63,61,60,60,60,60,-1
590,58,62,63,66,58,60,62,65,57,61,65,68,56,58,63,67,70,70,69,68,68,68,67,68,69,71,-1
591,58,61,65,66,53,56,59,63,58,61,65,66,61,63,64,65,70,68,66,65,65,66,67,67,67,66,-1
592,58,60,62,67,63,67,72,75,64,68,72,75,59,64,69,73,70,71,72,74,74,74,75,74,73,72,0
593,58,61,62,66,61,62,65,66,60,64,68,70,55,56,57,61,70,70,70,70,70,69,68,68,68,68,0
594,58,62,65,67,59,64,69,71,62,64,68,73,65,68,71,72,70,69,68,66,66,67,68,67,66,64,-1
595,58,61,63,65,61,65,70,71,63,66,71,76,60,65,66,70,70,69,68,66,68,70,71,72,73,74,-1
596,58,62,67,69,53,57,58,61,53,55,56,58,52,55,57,58,70,72,74,75,73,71,70,70,71,72,-1
597,58,60,61,65,54,55,60,62,58,61,63,67,63,64,68,70,70,70,70,71,71,71,72,72,71,70,0
598,58,60,64,65,60,65,68,69,57,60,63,66,56,59,62,65,70,69,68,66,66,65,64,63,62,61,-1
599,58,62,66,67,61,65,69,72,59,63,68,73,54,56,61,63,70,71,72,73,72,71,69,70,71,72,-1
600,58,60,62,66,59,64,65,70,62,66,68,72,66,67,70,73,70,69,68,66,67,68,70,70,70,70,-1
601,58,63,66,71,55,58,61,66,52,53,57,61,48,53,57,62,70,71,72,73,73,73,72,72,72,73,0
602,58,59,64,69,53,54,55,59,55,58,61,62,51,54,59,63,70,71,72,73,72,71,69,69,70,71,-1
603,58,59,61,63,55,59,61,62,57,60,65,68,54,57,62,65,70,69,68,66,68,70,71,72,73,74,-1
604,58,59,62,63,57,59,64,65,54,59,62,65,56,61,65,67,70,70,69,68,68,67,66,66,66,66,-1
605,58,59,61,62,58,59,62,66,54,58,59,64,59,60,63,68,70,69,68,67,67,68,69,69,69,69,-1
606,58,62,64,69,57,60,65,70,57,58,63,67,52,56,58,63,70,71,72,73,73,73,72,72,72,72,0
607,58,61,62,64,59,63,65,67,57,58,61,63,58,63,65,70,70,69,68,66,66,66,66,66,65,64,-1
608,58,63,68,69,60,63,65,66,65,68,71,75,66,67,71,75,70,70,69,68,69,70,71,72,73,75,-1
609,58,63,64,68,56,60,65,68,57,61,63,64,55,57,59,64,70,71,72,74,74,74,73,71,69,68,-1
610,58,63,64,68,55,58,60,65,55,57,62,64,54,59,60,63,70,70,70,71,71,71,70,70,71,72,1
611,58,60,64,68,56,57,62,63,58,63,68,73,55,59,63,64,70,71,72,74,73,72,71,70,69,67,-1
612,58,63,64,67,56,59,62,66,53,54,57,60,56,60,61,62,70,71,72,73,72,71,69,69,70,71,-1
613,58,61,63,65,58,59,64,67,54,58,60,65,54,55,60,61,70,68,66,65,65,65,64,63,62,61,1
614,58,63,67,72,58,62,64,69,54,55,58,63,55,57,61,63,70,70,69,68,67,66,65,66,67,69,1
615,58,60,63,68,58,63,65,70,53,54,59,64,58,62,64,68,70,71,72,73,72,71,70,70,70,70,-1
616,58,62,64,66,55,56,61,63,58,59,64,65,60,65,70,73,70,71,72,73,73,73,74,74,75,76,1
617,58,59,62,63,61,66,69,74,60,65,68,73,56,57,59,61,70,70,69,68,68,68,68,70,72,73,-1
618,58,62,67,68,54,57,58,59,56,59,62,65,61,62,66,70,70,69,68,67,67,66,65,66,67,68,-1
619,58,59,61,64,54,55,59,64,59,60,64,65,60,64,65,68,70,70,70,69,69,68,67,67,67,66,-1
620,58,60,63,65,54,57,62,66,58,59,62,65,56,61,63,68,70,70,70,71,70,69,68,69,70,71,-1
621,58,63,65,69,59,64,68,69,56,59,63,66,58,62,65,70,70,71,72,73,73,73,74,74,74,73,0
622,58,62,67,70,58,62,64,65,55,59,61,64,56,58,60,64,70,70,69,68,69,70,71,72,73,75,-1
623,58,63,67,70,55,60,62,63,51,53,54,57,56,59,63,65,70,70,70,69,67,65,64,62,60,59,-1
624,58,62,65,67,60,65,68,70,65,70,72,74,61,63,67,70,70,69,68,67,67,67,67,66,65,64,-1
625,58,61,62,67,57,60,62,66,52,53,57,60,52,53,58,61,70,69,68,66,65,64,62,62,62,63,-1
626,58,60,61,65,56,57,59,63,53,58,62,65,55,58,60,61,70,69,68,66,66,65,64,62,60,59,-1
627,58,60,65,67,56,57,61,62,56,57,61,64,54,56,58,59,70,70,70,71,72,73,75,76,77,78,1
628,58,61,66,67,58,62,64,69,60,65,68,69,60,64,65,66,70,68,66,65,65,64,63,65,67,68,-1
629,58,63,65,70,60,65,69,70,63,67,69,74,62,66,71,76,70,68,66,65,64,63,61,62,63,65,-1
630,58,59,60,63,62,66,69,72,66,71,75,78,63,65,67,72,70,71,72,73,73,73,73,73,73,74,0
631,58,61,64,69,61,65,69,70,57,59,62,67,59,60,65,68,70,70,71,72,72,73,74,74,73,72,-1
632,58,59,61,63,60,63,67,70,63,66,71,73,67,70,75,78,70,70,70,71,73,75,76,76,75,74,0
633,58,62,66,71,63,65,70,74,64,66,70,71,68,73,74,76,70,72,74,75,75,75,74,73,72,70,-1
634,58,60,61,66,58,61,64,68,55,58,62,64,50,55,60,65,70,71,72,73,74,75,77,79,81,82,-1
635,58,63,64,68,55,56,57,58,51,54,59,61,46,51,53,58,70,69,68,66,66,66,67,68,69,71,1
636,58,62,67,70,54,55,57,60,54,59,63,65,53,57,60,61,70,70,70,69,69,70,71,70,69,67,0
637,58,62,67,71,54,58,61,63,49,53,58,61,47,51,55,59,70,70,71,72,72,73,74,74,74,74,-1
638,58,63,66,71,58,63,68,71,59,63,65,69,62,66,67,72,70,70,71,72,72,72,72,72,72,72,0
639,58,63,66,71,59,61,62,64,60,64,68,71,55,59,60,62,70,69,68,67,67,67,66,67,68,69,-1
640,58,61,66,69,53,58,61,65,55,59,63,68,50,53,54,58,70,70,71,72,71,70,68,69,70,71,0
641,58,62,67,72,56,57,59,63,60,64,66,68,57,62,66,71,70,70,70,69,68,67,66,65,64,63,0
642,58,62,67,69,57,62,65,69,56,60,65,70,58,60,64,68,70,71,72,73,73,74,75,73,71,70,-1
643,58,61,62,65,60,62,66,69,59,62,66,68,58,61,63,65,70,69,68,66,68,70,71,72,73,74,-1
644,58,60,64,67,59,63,66,67,59,64,68,73,60,65,68,73,70,72,74,75,75,75,75,76,77,78,1
645,58,63,67,71,53,55,56,59,55,59,64,66,54,57,58,60,70,70,69,68,67,66,64,64,64,63,1
646,58,62,66,71,63,64,68,70,60,63,66,68,58,63,68,70,70,71,72,74,74,74,73,72,71,69,0
647,58,62,63,68,56,57,59,64,55,58,61,66,58,59,64,65,70,70,70,69,71,73,74,73,72,70,1
648,58,63,65,70,55,59,61,66,57,58,62,63,59,64,68,73,70,72,74,75,73,71,70,70,71,72,-1
649,58,61,63,64,55,56,59,64,50,53,57,59,45,49,52,57,70,70,69,68,68,68,67,67,67,66,1
650,58,63,64,66,54,59,62,66,58,59,63,66,55,58,63,66,70,70,70,71,72,73,74,73,72,70,0
651,58,62,64,67,58,60,65,67,54,55,58,61,55,58,61,64,70,70,71,72,71,70,69,69,69,69,-1
652,58,60,64,67,62,67,70,75,65,67,68,70,69,71,72,76,70,70,70,69,69,69,70,70,69,68,-1
653,58,61,66,69,60,64,65,68,59,60,63,66,56,59,60,64,70,68,66,65,65,65,66,66,66,65,1
654,58,62,67,68,56,61,66,67,53,54,59,62,52,54,57,58,70,70,70,71,70,69,68,67,66,64,-1
655,58,59,64,66,60,64,68,69,60,63,67,72,56,60,65,67,70,71,72,73,74,75,76,76,75,74,-1
656,58,61,62,63,53,54,56,59,51,53,57,61,52,57,60,64,70,70,70,71,72,73,74,76,78,79,1
657,58,63,64,67,58,63,67,71,59,63,64,65,55,57,61,64,70,70,69,68,68,68,67,67,67,66,-1
658,58,61,64,66,62,65,68,72,61,63,65,67,62,67,70,72,70,70,70,71,71,71,72,72,72,71,0
659,58,60,64,69,58,59,64,66,54,57,62,64,53,58,63,64,70,70,70,70,68,66,65,63,61,60,-1
660,58,59,60,61,62,66,68,69,59,64,66,71,56,60,64,69,70,71,72,74,73,72,70,70,71,72,-1
661,58,61,66,69,58,62,65,68,60,65,67,71,56,61,62,64,70,72,74,75,75,74,73,75,77,78,-1
662,58,63,64,69,57,60,62,67,56,57,58,62,57,62,64,69,70,69,68,67,66,65,64,65,66,67,-1
663,58,63,64,68,60,65,66,70,56,57,61,63,55,57,61,64,70,70,70,70,70,69,68,68,67,66,-1
664,58,62,63,66,55,58,61,64,57,58,59,60,61,63,67,69,70,71,72,73,73,73,73,73,72,71,0
665,58,61,62,66,53,55,58,62,50,55,60,62,54,59,60,64,70,70,70,69,68,67,66,68,70,71,-1
666,58,59,62,63,59,64,67,68,62,67,70,71,64,69,72,74,70,70,70,69,70,71,73,73,73,74,0
667,58,62,64,67,55,60,64,66,56,61,63,64,56,57,61,63,70,72,74,75,75,75,75,76,77,78,1
668,58,60,65,67,62,63,68,70,58,59,62,64,56,57,60,65,70,72,74,75,76,77,78,77,76,75,-1
669,58,61,64,66,63,68,73,74,61,62,63,67,62,64,68,71,70,70,71,72,72,71,70,71,72,74,-1
670,58,60,65,66,62,64,66,69,64,69,73,75,67,71,76,77,70,70,69,68,69,70,71,71,71,70,0
671,58,60,63,68,60,63,65,66,58,63,66,69,60,61,62,64,70,70,70,70,71,72,74,74,74,75,-1
672,58,63,64,69,62,66,70,74,63,67,71,73,63,65,66,69,70,69,68,66,68,70,71,71,71,72,1
673,58,60,64,69,57,62,63,66,54,55,60,63,53,55,56,57,70,72,74,75,76,77,78,77,76,74,-1
674,58,60,65,66,59,60,64,69,58,63,64,68,57,61,65,66,70,70,70,69,69,69,69,69,69,70,1
675,58,63,65,66,55,60,63,64,56,57,58,62,61,66,71,73,70,68,66,65,66,67,68,66,64,63,-1
676,58,63,65,66,55,60,64,68,56,59,60,63,52,53,55,60,70,70,70,71,71,72,73,74,75,76,-1
677,58,60,62,64,61,62,64,68,59,61,65,67,61,64,69,71,70,72,74,75,76,77,79,79,79,79,-1
678,58,63,64,66,54,58,63,67,51,56,57,61,48,52,57,61,70,68,66,65,65,66,67,67,67,68,-1
679,58,62,63,64,62,63,65,67,64,68,73,78,63,65,66,69,70,68,66,65,65,65,64,63,62,60,1
680,58,59,61,64,60,61,63,68,55,59,61,65,50,54,55,57,70,72,74,75,75,75,75,73,71,70,1
681,58,59,64,66,60,64,69,71,65,67,68,69,68,70,73,76,70,70,71,72,72,72,71,71,71,71,0
682,58,62,66,71,62,63,66,68,59,61,66,69,62,67,68,72,70,72,74,75,74,73,71,71,71,71,1
683,58,63,66,70,62,64,68,71,67,69,72,77,70,75,76,78,70,70,70,70,70,70,70,70,70,71,-1
684,58,61,66,71,57,58,59,61,61,64,65,68,61,62,64,69,70,70,71,72,74,76,77,77,77,78,-1
685,58,63,68,72,57,62,64,65,57,62,64,65,53,55,58,62,70,71,72,73,72,71,70,70,70,69,-1
686,58,59,63,68,58,59,60,65,53,58,60,63,58,62,63,65,70,72,74,75,74,73,72,72,72,72,0
687,58,59,60,62,59,61,62,67,60,63,68,71,62,64,67,70,70,69,68,67,66,65,63,62,61,60,-1
688,58,59,64,67,62,65,67,71,65,66,68,72,70,74,79,84,70,70,70,70,70,70,70,69,68,66,1
689,58,62,65,66,53,58,59,62,49,50,54,56,50,52,57,62,70,70,70,70,70,70,69,68,67,66,-1
690,58,59,64,67,56,60,62,66,59,60,63,67,54,59,62,63,70,68,66,65,65,65,66,66,67,68,-1
691,58,61,62,63,59,64,65,70,58,59,64,66,59,60,61,65,70,70,70,70,71,72,74,73,72,71,-1
692,58,62,64,65,59,62,66,68,57,62,66,70,60,65,66,70,70,71,72,73,73,72,71,71,72,73,-1
693,58,62,63,65,56,60,63,65,51,54,55,59,53,56,60,61,70,69,68,67,67,67,67,67,68,69,-1
694,58,59,61,63,56,58,62,66,58,62,66,70,55,58,63,66,70,68,66,65,66,67,69,69,70,71,-1
695,58,60,61,64,53,55,56,57,49,51,54,57,49,51,55,58,70,70,71,72,72,73,74,75,76,78,-1
696,58,63,64,66,55,56,61,65,59,63,67,70,60,62,65,66,70,71,72,73,73,73,74,73,72,70,1
697,58,63,68,69,59,64,65,68,55,59,64,66,59,64,69,74,70,70,70,70,68,66,65,65,66,67,-1
698,58,59,64,65,59,64,65,66,57,60,61,64,58,59,63,65,70,69,68,66,66,65,64,65,66,68,-1
699,58,62,64,65,60,65,68,72,64,68,71,75,64,69,73,76,70,72,74,75,76,77,78,78,79,80,1
700,58,62,64,67,62,65,69,72,60,62,63,66,63,66,67,69,70,70,70,70,69,68,66,65,64,63,1
701,58,60,61,65,62,66,70,74,58,61,65,70,54,55,59,64,70,69,68,66,66,66,65,66,67,68,-1
702,58,60,63,67,53,55,59,60,49,50,54,56,53,58,63,67,70,70,70,69,68,67,65,64,63,61,-1
703,58,61,65,68,62,67,68,70,59,62,66,71,60,62,64,67,70,68,66,65,64,63,61,62,63,65,-1
704,58,62,67,70,58,59,63,66,53,56,60,61,51,55,59,61,70,70,70,70,70,70,69,70,71,72,-1
705,58,62,65,66,62,64,66,71,63,68,71,72,58,62,67,69,70,71,72,74,75,76,77,76,75,73,0
706,58,62,63,64,57,58,63,68,57,61,64,65,53,57,60,64,70,70,69,68,68,68,67,67,66,65,1
707,58,61,64,67,58,63,65,67,57,58,60,63,56,60,63,68,70,70,69,68,69,70,71,69,67,66,1
708,58,60,65,66,57,58,63,68,57,59,60,65,55,60,62,64,70,70,70,71,73,75,76,76,76,76,1
709,58,59,64,69,63,65,70,74,59,62,66,70,58,62,65,66,70,70,71,72,72,71,70,70,70,71,0
710,58,63,68,73,58,63,67,68,59,60,61,65,62,66,69,70,70,70,70,69,71,73,74,74,73,72,-1
711,58,61,65,69,59,63,66,69,55,57,59,62,53,56,60,61,70,70,70,70,69,68,66,66,66,67,1
712,58,62,66,71,54,59,63,64,50,53,56,61,51,55,58,60,70,71,72,73,73,73,73,71,69,68,-1
713,58,60,65,66,55,56,60,64,51,53,56,58,50,51,56,59,70,72,74,75,75,76,77,75,73,72,-1
714,58,63,67,68,57,59,61,63,60,63,68,73,58,59,61,66,70,69,68,66,66,66,65,66,67,68,1
715,58,63,64,67,56,58,63,64,57,59,61,66,57,62,66,70,70,69,68,66,66,66,66,64,62,61,-1
716,58,63,64,66,55,58,60,65,60,62,66,71,63,64,68,70,70,70,70,71,70,69,67,67,67,66,-1
717,58,63,67,72,60,63,64,66,62,64,68,69,66,68,71,76,70,70,70,71,71,71,71,72,73,75,1
718,58,59,63,67,57,58,60,61,58,62,65,69,54,57,59,64,70,69,68,66,66,66,65,65,65,66,-1
719,58,59,64,67,54,58,63,66,50,55,58,60,51,53,54,59,70,68,66,65,65,65,65,66,67,68,-1
720,58,62,64,65,54,57,58,63,59,64,69,71,63,68,73,77,70,70,69,68,66,64,63,63,64,65,1
721,58,61,65,70,53,56,61,64,48,51,52,54,49,52,56,59,70,70,69,68,66,64,63,61,59,58,1
722,58,60,61,66,56,57,62,63,61,65,67,71,57,62,67,69,70,69,68,67,67,67,66,67,68,69,1
723,58,61,65,69,62,63,67,71,61,63,68,69,63,66,70,71,70,70,70,71,69,67,66,67,68,70,-1
724,58,61,63,64,55,60,64,69,59,63,64,66,56,61,66,71,70,70,69,68,68,68,69,71,73,74,0
725,58,59,64,68,63,68,71,73,58,60,64,67,55,56,59,63,70,71,72,73,72,71,69,68,67,66,0
726,58,60,64,65,62,67,70,75,60,61,64,68,63,68,73,78,70,69,68,66,67,68,70,69,68,67,-1
727,58,62,66,71,63,66,69,71,66,70,71,75,68,70,73,75,70,70,70,71,70,69,67,67,68,69,-1
728,58,63,66,69,62,63,66,68,60,61,63,64,65,70,74,78,70,71,72,73,74,75,77,77,76,75,1
729,58,60,62,66,61,65,69,70,61,63,64,68,65,70,74,75,70,69,68,67,69,71,72,72,72,71,-1
730,58,60,62,66,54,59,60,63,56,61,62,65,53,54,55,60,70,71,72,73,72,71,69,69,70,71,-1
731,58,61,63,65,57,61,66,69,57,59,61,64,59,60,61,64,70,70,70,71,72,73,75,75,75,75,-1
732,58,62,66,70,58,62,64,66,56,61,62,67,56,60,64,68,70,71,72,73,72,71,69,67,65,64,1
733,58,60,65,66,59,61,62,63,54,57,58,59,59,62,67,72,70,69,68,67,67,67,68,68,67,66,-1
734,58,60,63,68,59,64,65,67,63,64,65,68,66,71,73,78,70,72,74,75,75,75,76,76,76,75,1
735,58,60,64,65,53,56,58,59,50,51,54,56,47,48,50,52,70,70,70,69,69,69,69,69,69,70,0
736,58,60,63,66,56,60,65,67,61,63,68,70,59,62,67,70,70,72,74,75,75,74,73,72,71,70,-1
737,58,62,67,70,56,60,63,64,57,59,63,64,62,66,68,70,70,70,70,71,71,70,69,69,68,67,0
738,58,60,63,65,53,54,56,60,55,57,60,61,60,65,70,71,70,68,66,65,66,67,69,69,69,69,1
739,58,60,61,64,55,59,63,66,57,58,59,61,54,59,62,63,70,69,68,67,68,69,70,70,70,70,0
740,58,59,64,66,62,66,69,72,57,58,61,63,57,61,66,70,70,70,70,70,70,70,70,71,72,73,-1
741,58,62,65,66,56,61,64,65,54,57,60,64,53,55,58,63,70,70,70,70,68,66,65,65,65,66,-1
742,58,63,64,66,58,62,66,71,63,66,70,74,63,67,69,73,70,72,74,75,74,73,72,72,73,74,-1
743,58,63,67,71,62,65,68,73,57,59,61,63,54,58,62,67,70,69,68,66,66,65,64,63,62,61,1
744,58,63,68,72,56,57,60,63,53,54,57,61,48,52,53,55,70,70,71,72,71,70,69,70,71,73,-1
745,58,59,62,64,62,67,69,72,66,69,71,72,68,72,74,78,70,72,74,75,76,77,78,78,78,77,1
746,58,61,62,63,53,57,61,66,57,61,66,69,62,65,69,72,70,71,72,74,73,72,71,70,69,67,0
747,58,63,66,69,58,62,66,67,61,63,64,66,58,62,63,67,70,68,66,65,64,63,62,63,64,65,0
748,58,61,66,67,57,61,64,66,58,62,63,65,61,65,70,72,70,71,72,73,73,73,73,72,71,69,-1
749,58,61,63,67,62,65,70,73,60,65,69,73,61,63,65,69,70,70,70,70,72,74,75,75,76,77,-1
750,58,62,64,69,57,61,65,70,53,58,60,61,53,56,61,65,70,72,74,75,75,74,73,74,75,77,-1
751,58,63,68,72,61,63,65,70,63,66,68,71,59,64,68,71,70,70,69,68,68,69,70,69,68,67,-1
752,58,63,64,69,57,59,63,65,53,57,61,63,54,59,62,63,70,72,74,75,73,71,70,70,71,72,-1
753,58,62,67,68,53,58,59,63,49,54,56,59,49,54,56,58,70,71,72,73,72,71,69,70,71,72,-1
754,58,59,62,66,61,63,64,65,65,69,72,74,70,71,72,73,70,72,74,75,73,71,70,69,68,67,0
755,58,59,60,63,57,61,66,67,59,60,63,68,62,66,69,70,70,70,70,70,70,71,72,72,71,70,1
756,58,61,64,68,56,58,61,62,59,61,64,68,58,60,61,62,70,70,70,70,70,71,72,73,74,76,-1
757,58,62,63,66,60,65,69,71,62,64,67,72,62,63,64,66,70,69,68,67,66,65,63,62,61,59,-1
758,58,62,67,72,62,67,72,73,66,70,75,80,65,66,69,73,70,72,74,75,74,73,71,71,72,73,0
759,58,62,65,69,54,55,59,64,55,58,60,64,54,59,60,65,70,71,72,73,72,71,69,68,67,66,-1
760,58,60,63,64,62,67,71,74,67,72,77,79,65,69,73,74,70,71,72,73,75,77,78,76,74,73,0
761,58,61,66,67,60,63,65,70,59,62,65,66,55,56,59,60,70,70,71,72,72,72,73,73,73,73,-1
762,58,61,66,67,53,57,62,67,52,54,59,61,52,54,59,61,70,70,70,69,67,65,64,64,64,65,1
763,58,60,65,70,63,65,69,73,60,65,70,75,59,64,67,71,70,70,70,70,68,66,65,64,63,62,1
764,58,59,61,62,61,64,67,72,60,62,66,67,59,63,68,71,70,69,68,66,66,66,66,67,68,70,0
765,58,62,64,65,58,59,61,66,58,63,65,67,53,58,59,63,70,68,66,65,66,67,68,69,70,71,-1
766,58,63,65,67,62,63,68,71,62,67,71,72,66,68,71,74,70,71,72,74,73,72,71,70,69,68,-1
767,58,61,64,67,53,56,58,61,50,52,54,56,50,55,60,64,70,70,69,68,69,70,71,71,71,70,1
768,58,59,62,67,63,64,66,68,64,67,69,71,65,69,71,74,70,70,71,72,70,68,67,67,66,65,0
769,58,63,65,67,53,55,59,61,48,52,55,57,43,46,48,52,70,68,66,65,65,65,66,67,68,69,-1
770,58,60,61,64,55,58,60,65,51,55,58,63,52,55,60,62,70,70,69,68,68,68,67,66,65,64,1
771,58,60,62,66,54,55,59,62,49,50,51,53,48,51,52,57,70,70,70,70,68,66,65,65,64,63,0
772,58,62,64,69,62,64,67,69,58,60,64,67,60,63,68,73,70,69,68,66,68,70,71,72,73,75,-1
773,58,60,62,66,58,60,61,66,53,57,61,66,56,58,60,61,70,71,72,73,72,71,69,69,69,69,-1
774,58,61,65,67,53,57,60,62,54,56,60,61,49,52,56,59,70,71,72,74,75,76,77,77,78,79,-1
775,58,62,66,68,54,57,62,64,52,53,54,58,55,60,65,70,70,70,71,72,72,71,70,69,68,66,-1
776,58,59,63,68,56,59,64,68,58,61,65,70,60,63,65,66,70,71,72,73,73,74,75,75,75,74,0
777,58,61,63,66,57,58,63,66,52,54,59,61,57,59,62,65,70,70,71,72,72,72,72,73,74,75,-1
778,58,62,64,65,57,59,60,65,58,59,60,61,53,58,60,65,70,71,72,73,72,71,69,68,67,66,0
779,58,59,63,66,62,64,68,71,66,67,72,74,61,62,64,65,70,70,70,71,72,73,75,76,77,79,0
780,58,63,67,72,55,60,65,67,59,60,64,69,55,56,60,63,70,72,74,75,75,75,75,75,74,73,-1
781,58,61,66,67,55,58,59,62,56,57,58,61,56,58,61,63,70,70,70,69,68,67,66,66,66,67,1
782,58,62,67,72,62,66,71,74,57,59,61,62,61,66,70,73,70,71,72,73,75,77,78,78,78,79,-1
783,58,60,65,68,58,60,64,68,54,57,62,66,59,63,66,69,70,70,70,70,70,70,71,73,75,76,1
784,58,60,65,67,54,57,58,61,52,54,59,61,56,58,60,63,70,69,68,67,67,68,69,69,69,69,0
785,58,60,61,64,61,62,67,71,65,66,70,73,68,73,74,75,70,70,70,69,70,71,72,70,68,67,-1
786,58,60,64,65,62,65,70,75,65,69,71,72,69,70,73,76,70,70,70,71,73,75,76,75,74,72,0
787,58,59,64,66,58,60,62,65,60,62,64,68,62,63,68,72,70,68,66,65,65,64,63,62,61,59,1
788,58,61,62,66,58,59,62,65,58,59,63,68,57,62,64,69,70,69,68,67,68,69,71,72,73,74,1
789,58,60,64,68,60,64,69,73,56,58,63,66,56,58,60,65,70,70,71,72,72,72,72,72,71,70,1
790,58,63,64,69,55,58,59,62,53,55,56,57,50,53,58,63,70,71,72,73,71,69,68,69,70,71,-1
791,58,62,63,65,59,63,65,70,63,67,71,72,61,65,70,73,70,71,72,74,73,72,70,69,68,67,0
792,58,60,65,67,55,56,57,61,57,60,61,64,61,66,67,71,70,70,70,70,70,70,70,70,71,72,-1
793,58,63,65,68,53,55,60,65,52,56,57,62,50,53,55,56,70,70,70,71,70,69,68,67,66,65,-1
794,58,63,66,68,62,64,65,70,63,67,68,72,65,70,72,75,70,70,70,70,70,70,70,69,68,67,-1
795,58,62,63,65,59,62,63,65,60,61,63,66,59,60,65,68,70,69,68,66,66,67,68,66,64,63,-1
796,58,63,66,67,58,59,63,64,61,65,66,71,63,64,69,70,70,70,70,69,71,73,74,74,74,75,-1
797,58,63,66,68,59,61,62,67,56,58,60,63,51,56,61,64,70,72,74,75,74,73,71,71,71,72,-1
798,58,63,64,65,58,61,64,66,58,61,65,66,56,58,61,66,70,71,72,74,73,72,70,70,70,69,-1
799,58,63,65,67,53,56,59,62,50,52,54,59,48,50,55,58,70,72,74,75,74,73,72,73,74,76,1
